"","DateTime","Solskin","lattitude[i]","longtitude[i]","by[i]"
"1","2020-01-01 01:00:00",0,55.3088,10.4398,"Årslev"
"2","2020-01-01 02:00:00",0,55.3088,10.4398,"Årslev"
"3","2020-01-01 03:00:00",0,55.3088,10.4398,"Årslev"
"4","2020-01-01 04:00:00",0,55.3088,10.4398,"Årslev"
"5","2020-01-01 05:00:00",0,55.3088,10.4398,"Årslev"
"6","2020-01-01 06:00:00",0,55.3088,10.4398,"Årslev"
"7","2020-01-01 07:00:00",0,55.3088,10.4398,"Årslev"
"8","2020-01-01 08:00:00",0,55.3088,10.4398,"Årslev"
"9","2020-01-01 09:00:00",0,55.3088,10.4398,"Årslev"
"10","2020-01-01 10:00:00",0.5,55.3088,10.4398,"Årslev"
"11","2020-01-01 11:00:00",6.5,55.3088,10.4398,"Årslev"
"12","2020-01-01 12:00:00",26,55.3088,10.4398,"Årslev"
"13","2020-01-01 13:00:00",19,55.3088,10.4398,"Årslev"
"14","2020-01-01 14:00:00",30,55.3088,10.4398,"Årslev"
"15","2020-01-01 15:00:00",0,55.3088,10.4398,"Årslev"
"16","2020-01-01 16:00:00",0,55.3088,10.4398,"Årslev"
"17","2020-01-01 17:00:00",0,55.3088,10.4398,"Årslev"
"18","2020-01-01 18:00:00",0,55.3088,10.4398,"Årslev"
"19","2020-01-01 19:00:00",0,55.3088,10.4398,"Årslev"
"20","2020-01-01 20:00:00",0,55.3088,10.4398,"Årslev"
"21","2020-01-01 21:00:00",0,55.3088,10.4398,"Årslev"
"22","2020-01-01 22:00:00",0,55.3088,10.4398,"Årslev"
"23","2020-01-01 23:00:00",0,55.3088,10.4398,"Årslev"
"24","2020-01-02 00:00:00",0,55.3088,10.4398,"Årslev"
"25","2020-01-02 01:00:00",0,55.3088,10.4398,"Årslev"
"26","2020-01-02 02:00:00",0,55.3088,10.4398,"Årslev"
"27","2020-01-02 03:00:00",0,55.3088,10.4398,"Årslev"
"28","2020-01-02 04:00:00",0,55.3088,10.4398,"Årslev"
"29","2020-01-02 05:00:00",0,55.3088,10.4398,"Årslev"
"30","2020-01-02 06:00:00",0,55.3088,10.4398,"Årslev"
"31","2020-01-02 07:00:00",0,55.3088,10.4398,"Årslev"
"32","2020-01-02 08:00:00",0,55.3088,10.4398,"Årslev"
"33","2020-01-02 09:00:00",0,55.3088,10.4398,"Årslev"
"34","2020-01-02 10:00:00",0,55.3088,10.4398,"Årslev"
"35","2020-01-02 11:00:00",0,55.3088,10.4398,"Årslev"
"36","2020-01-02 12:00:00",0,55.3088,10.4398,"Årslev"
"37","2020-01-02 13:00:00",0,55.3088,10.4398,"Årslev"
"38","2020-01-02 14:00:00",0,55.3088,10.4398,"Årslev"
"39","2020-01-02 15:00:00",0,55.3088,10.4398,"Årslev"
"40","2020-01-02 16:00:00",0,55.3088,10.4398,"Årslev"
"41","2020-01-02 17:00:00",0,55.3088,10.4398,"Årslev"
"42","2020-01-02 18:00:00",0,55.3088,10.4398,"Årslev"
"43","2020-01-02 19:00:00",0,55.3088,10.4398,"Årslev"
"44","2020-01-02 20:00:00",0,55.3088,10.4398,"Årslev"
"45","2020-01-02 21:00:00",0,55.3088,10.4398,"Årslev"
"46","2020-01-02 22:00:00",0,55.3088,10.4398,"Årslev"
"47","2020-01-02 23:00:00",0,55.3088,10.4398,"Årslev"
"48","2020-01-03 00:00:00",0,55.3088,10.4398,"Årslev"
"49","2020-01-03 01:00:00",0,55.3088,10.4398,"Årslev"
"50","2020-01-03 02:00:00",0,55.3088,10.4398,"Årslev"
"51","2020-01-03 03:00:00",0,55.3088,10.4398,"Årslev"
"52","2020-01-03 04:00:00",0,55.3088,10.4398,"Årslev"
"53","2020-01-03 05:00:00",0,55.3088,10.4398,"Årslev"
"54","2020-01-03 06:00:00",0,55.3088,10.4398,"Årslev"
"55","2020-01-03 07:00:00",0,55.3088,10.4398,"Årslev"
"56","2020-01-03 08:00:00",0,55.3088,10.4398,"Årslev"
"57","2020-01-03 09:00:00",0,55.3088,10.4398,"Årslev"
"58","2020-01-03 10:00:00",0,55.3088,10.4398,"Årslev"
"59","2020-01-03 11:00:00",0,55.3088,10.4398,"Årslev"
"60","2020-01-03 12:00:00",0,55.3088,10.4398,"Årslev"
"61","2020-01-03 13:00:00",0,55.3088,10.4398,"Årslev"
"62","2020-01-03 14:00:00",0,55.3088,10.4398,"Årslev"
"63","2020-01-03 15:00:00",0,55.3088,10.4398,"Årslev"
"64","2020-01-03 16:00:00",0,55.3088,10.4398,"Årslev"
"65","2020-01-03 17:00:00",0,55.3088,10.4398,"Årslev"
"66","2020-01-03 18:00:00",0,55.3088,10.4398,"Årslev"
"67","2020-01-03 19:00:00",0,55.3088,10.4398,"Årslev"
"68","2020-01-03 20:00:00",0,55.3088,10.4398,"Årslev"
"69","2020-01-03 21:00:00",0,55.3088,10.4398,"Årslev"
"70","2020-01-03 22:00:00",0,55.3088,10.4398,"Årslev"
"71","2020-01-03 23:00:00",0,55.3088,10.4398,"Årslev"
"72","2020-01-04 00:00:00",0,55.3088,10.4398,"Årslev"
"73","2020-01-04 01:00:00",0,55.3088,10.4398,"Årslev"
"74","2020-01-04 02:00:00",0,55.3088,10.4398,"Årslev"
"75","2020-01-04 03:00:00",0,55.3088,10.4398,"Årslev"
"76","2020-01-04 04:00:00",0,55.3088,10.4398,"Årslev"
"77","2020-01-04 05:00:00",0,55.3088,10.4398,"Årslev"
"78","2020-01-04 06:00:00",0,55.3088,10.4398,"Årslev"
"79","2020-01-04 07:00:00",0,55.3088,10.4398,"Årslev"
"80","2020-01-04 08:00:00",0,55.3088,10.4398,"Årslev"
"81","2020-01-04 09:00:00",0,55.3088,10.4398,"Årslev"
"82","2020-01-04 10:00:00",25.5,55.3088,10.4398,"Årslev"
"83","2020-01-04 11:00:00",59,55.3088,10.4398,"Årslev"
"84","2020-01-04 12:00:00",59,55.3088,10.4398,"Årslev"
"85","2020-01-04 13:00:00",60,55.3088,10.4398,"Årslev"
"86","2020-01-04 14:00:00",60,55.3088,10.4398,"Årslev"
"87","2020-01-04 15:00:00",20.5,55.3088,10.4398,"Årslev"
"88","2020-01-04 16:00:00",0,55.3088,10.4398,"Årslev"
"89","2020-01-04 17:00:00",0,55.3088,10.4398,"Årslev"
"90","2020-01-04 18:00:00",0,55.3088,10.4398,"Årslev"
"91","2020-01-04 19:00:00",0,55.3088,10.4398,"Årslev"
"92","2020-01-04 20:00:00",0,55.3088,10.4398,"Årslev"
"93","2020-01-04 21:00:00",0,55.3088,10.4398,"Årslev"
"94","2020-01-04 22:00:00",0,55.3088,10.4398,"Årslev"
"95","2020-01-04 23:00:00",0,55.3088,10.4398,"Årslev"
"96","2020-01-05 00:00:00",0,55.3088,10.4398,"Årslev"
"97","2020-01-05 01:00:00",0,55.3088,10.4398,"Årslev"
"98","2020-01-05 02:00:00",0,55.3088,10.4398,"Årslev"
"99","2020-01-05 03:00:00",0,55.3088,10.4398,"Årslev"
"100","2020-01-05 04:00:00",0,55.3088,10.4398,"Årslev"
"101","2020-01-05 05:00:00",0,55.3088,10.4398,"Årslev"
"102","2020-01-05 06:00:00",0,55.3088,10.4398,"Årslev"
"103","2020-01-05 07:00:00",0,55.3088,10.4398,"Årslev"
"104","2020-01-05 08:00:00",0,55.3088,10.4398,"Årslev"
"105","2020-01-05 09:00:00",0,55.3088,10.4398,"Årslev"
"106","2020-01-05 10:00:00",0,55.3088,10.4398,"Årslev"
"107","2020-01-05 11:00:00",8,55.3088,10.4398,"Årslev"
"108","2020-01-05 12:00:00",0,55.3088,10.4398,"Årslev"
"109","2020-01-05 13:00:00",0,55.3088,10.4398,"Årslev"
"110","2020-01-05 14:00:00",0,55.3088,10.4398,"Årslev"
"111","2020-01-05 15:00:00",0,55.3088,10.4398,"Årslev"
"112","2020-01-05 16:00:00",0,55.3088,10.4398,"Årslev"
"113","2020-01-05 17:00:00",0,55.3088,10.4398,"Årslev"
"114","2020-01-05 18:00:00",0,55.3088,10.4398,"Årslev"
"115","2020-01-05 19:00:00",0,55.3088,10.4398,"Årslev"
"116","2020-01-05 20:00:00",0,55.3088,10.4398,"Årslev"
"117","2020-01-05 21:00:00",0,55.3088,10.4398,"Årslev"
"118","2020-01-05 22:00:00",0,55.3088,10.4398,"Årslev"
"119","2020-01-05 23:00:00",0,55.3088,10.4398,"Årslev"
"120","2020-01-06 00:00:00",0,55.3088,10.4398,"Årslev"
"121","2020-01-06 01:00:00",0,55.3088,10.4398,"Årslev"
"122","2020-01-06 02:00:00",0,55.3088,10.4398,"Årslev"
"123","2020-01-06 03:00:00",0,55.3088,10.4398,"Årslev"
"124","2020-01-06 04:00:00",0,55.3088,10.4398,"Årslev"
"125","2020-01-06 05:00:00",0,55.3088,10.4398,"Årslev"
"126","2020-01-06 06:00:00",0,55.3088,10.4398,"Årslev"
"127","2020-01-06 07:00:00",0,55.3088,10.4398,"Årslev"
"128","2020-01-06 08:00:00",0,55.3088,10.4398,"Årslev"
"129","2020-01-06 09:00:00",0,55.3088,10.4398,"Årslev"
"130","2020-01-06 10:00:00",0,55.3088,10.4398,"Årslev"
"131","2020-01-06 11:00:00",0,55.3088,10.4398,"Årslev"
"132","2020-01-06 12:00:00",0,55.3088,10.4398,"Årslev"
"133","2020-01-06 13:00:00",0,55.3088,10.4398,"Årslev"
"134","2020-01-06 14:00:00",0,55.3088,10.4398,"Årslev"
"135","2020-01-06 15:00:00",0,55.3088,10.4398,"Årslev"
"136","2020-01-06 16:00:00",0,55.3088,10.4398,"Årslev"
"137","2020-01-06 17:00:00",0,55.3088,10.4398,"Årslev"
"138","2020-01-06 18:00:00",0,55.3088,10.4398,"Årslev"
"139","2020-01-06 19:00:00",0,55.3088,10.4398,"Årslev"
"140","2020-01-06 20:00:00",0,55.3088,10.4398,"Årslev"
"141","2020-01-06 21:00:00",0,55.3088,10.4398,"Årslev"
"142","2020-01-06 22:00:00",0,55.3088,10.4398,"Årslev"
"143","2020-01-06 23:00:00",0,55.3088,10.4398,"Årslev"
"144","2020-01-07 00:00:00",0,55.3088,10.4398,"Årslev"
"145","2020-01-07 01:00:00",0,55.3088,10.4398,"Årslev"
"146","2020-01-07 02:00:00",0,55.3088,10.4398,"Årslev"
"147","2020-01-07 03:00:00",0,55.3088,10.4398,"Årslev"
"148","2020-01-07 04:00:00",0,55.3088,10.4398,"Årslev"
"149","2020-01-07 05:00:00",0,55.3088,10.4398,"Årslev"
"150","2020-01-07 06:00:00",0,55.3088,10.4398,"Årslev"
"151","2020-01-07 07:00:00",0,55.3088,10.4398,"Årslev"
"152","2020-01-07 08:00:00",0,55.3088,10.4398,"Årslev"
"153","2020-01-07 09:00:00",0,55.3088,10.4398,"Årslev"
"154","2020-01-07 10:00:00",0,55.3088,10.4398,"Årslev"
"155","2020-01-07 11:00:00",0,55.3088,10.4398,"Årslev"
"156","2020-01-07 12:00:00",0,55.3088,10.4398,"Årslev"
"157","2020-01-07 13:00:00",6.5,55.3088,10.4398,"Årslev"
"158","2020-01-07 14:00:00",2,55.3088,10.4398,"Årslev"
"159","2020-01-07 15:00:00",18.5,55.3088,10.4398,"Årslev"
"160","2020-01-07 16:00:00",0,55.3088,10.4398,"Årslev"
"161","2020-01-07 17:00:00",0,55.3088,10.4398,"Årslev"
"162","2020-01-07 18:00:00",0,55.3088,10.4398,"Årslev"
"163","2020-01-07 19:00:00",0,55.3088,10.4398,"Årslev"
"164","2020-01-07 20:00:00",0,55.3088,10.4398,"Årslev"
"165","2020-01-07 21:00:00",0,55.3088,10.4398,"Årslev"
"166","2020-01-07 22:00:00",0,55.3088,10.4398,"Årslev"
"167","2020-01-07 23:00:00",0,55.3088,10.4398,"Årslev"
"168","2020-01-08 00:00:00",0,55.3088,10.4398,"Årslev"
"169","2020-01-08 01:00:00",0,55.3088,10.4398,"Årslev"
"170","2020-01-08 03:00:00",0,55.3088,10.4398,"Årslev"
"171","2020-01-08 04:00:00",0,55.3088,10.4398,"Årslev"
"172","2020-01-08 05:00:00",0,55.3088,10.4398,"Årslev"
"173","2020-01-08 06:00:00",0,55.3088,10.4398,"Årslev"
"174","2020-01-08 07:00:00",0,55.3088,10.4398,"Årslev"
"175","2020-01-08 08:00:00",0,55.3088,10.4398,"Årslev"
"176","2020-01-08 09:00:00",0,55.3088,10.4398,"Årslev"
"177","2020-01-08 10:00:00",0,55.3088,10.4398,"Årslev"
"178","2020-01-08 11:00:00",4,55.3088,10.4398,"Årslev"
"179","2020-01-08 12:00:00",0,55.3088,10.4398,"Årslev"
"180","2020-01-08 13:00:00",7.5,55.3088,10.4398,"Årslev"
"181","2020-01-08 14:00:00",25,55.3088,10.4398,"Årslev"
"182","2020-01-08 15:00:00",2,55.3088,10.4398,"Årslev"
"183","2020-01-08 16:00:00",0,55.3088,10.4398,"Årslev"
"184","2020-01-08 17:00:00",0,55.3088,10.4398,"Årslev"
"185","2020-01-08 18:00:00",0,55.3088,10.4398,"Årslev"
"186","2020-01-08 19:00:00",0,55.3088,10.4398,"Årslev"
"187","2020-01-08 20:00:00",0,55.3088,10.4398,"Årslev"
"188","2020-01-08 21:00:00",0,55.3088,10.4398,"Årslev"
"189","2020-01-08 22:00:00",0,55.3088,10.4398,"Årslev"
"190","2020-01-08 23:00:00",0,55.3088,10.4398,"Årslev"
"191","2020-01-09 00:00:00",0,55.3088,10.4398,"Årslev"
"192","2020-01-09 01:00:00",0,55.3088,10.4398,"Årslev"
"193","2020-01-09 02:00:00",0,55.3088,10.4398,"Årslev"
"194","2020-01-09 03:00:00",0,55.3088,10.4398,"Årslev"
"195","2020-01-09 04:00:00",0,55.3088,10.4398,"Årslev"
"196","2020-01-09 05:00:00",0,55.3088,10.4398,"Årslev"
"197","2020-01-09 06:00:00",0,55.3088,10.4398,"Årslev"
"198","2020-01-09 07:00:00",0,55.3088,10.4398,"Årslev"
"199","2020-01-09 08:00:00",0,55.3088,10.4398,"Årslev"
"200","2020-01-09 09:00:00",0,55.3088,10.4398,"Årslev"
"201","2020-01-09 10:00:00",0,55.3088,10.4398,"Årslev"
"202","2020-01-09 11:00:00",0,55.3088,10.4398,"Årslev"
"203","2020-01-09 12:00:00",0,55.3088,10.4398,"Årslev"
"204","2020-01-09 13:00:00",0,55.3088,10.4398,"Årslev"
"205","2020-01-09 14:00:00",0,55.3088,10.4398,"Årslev"
"206","2020-01-09 15:00:00",0,55.3088,10.4398,"Årslev"
"207","2020-01-09 16:00:00",0,55.3088,10.4398,"Årslev"
"208","2020-01-09 17:00:00",0,55.3088,10.4398,"Årslev"
"209","2020-01-09 18:00:00",0,55.3088,10.4398,"Årslev"
"210","2020-01-09 19:00:00",0,55.3088,10.4398,"Årslev"
"211","2020-01-09 20:00:00",0,55.3088,10.4398,"Årslev"
"212","2020-01-09 21:00:00",0,55.3088,10.4398,"Årslev"
"213","2020-01-09 22:00:00",0,55.3088,10.4398,"Årslev"
"214","2020-01-09 23:00:00",0,55.3088,10.4398,"Årslev"
"215","2020-01-10 00:00:00",0,55.3088,10.4398,"Årslev"
"216","2020-01-10 01:00:00",0,55.3088,10.4398,"Årslev"
"217","2020-01-10 02:00:00",0,55.3088,10.4398,"Årslev"
"218","2020-01-10 03:00:00",0,55.3088,10.4398,"Årslev"
"219","2020-01-10 04:00:00",0,55.3088,10.4398,"Årslev"
"220","2020-01-10 05:00:00",0,55.3088,10.4398,"Årslev"
"221","2020-01-10 06:00:00",0,55.3088,10.4398,"Årslev"
"222","2020-01-10 07:00:00",0,55.3088,10.4398,"Årslev"
"223","2020-01-10 08:00:00",0,55.3088,10.4398,"Årslev"
"224","2020-01-10 09:00:00",0,55.3088,10.4398,"Årslev"
"225","2020-01-10 10:00:00",0,55.3088,10.4398,"Årslev"
"226","2020-01-10 11:00:00",0,55.3088,10.4398,"Årslev"
"227","2020-01-10 12:00:00",0,55.3088,10.4398,"Årslev"
"228","2020-01-10 13:00:00",0,55.3088,10.4398,"Årslev"
"229","2020-01-10 14:00:00",0,55.3088,10.4398,"Årslev"
"230","2020-01-10 15:00:00",0,55.3088,10.4398,"Årslev"
"231","2020-01-10 16:00:00",0,55.3088,10.4398,"Årslev"
"232","2020-01-10 17:00:00",0,55.3088,10.4398,"Årslev"
"233","2020-01-10 18:00:00",0,55.3088,10.4398,"Årslev"
"234","2020-01-10 19:00:00",0,55.3088,10.4398,"Årslev"
"235","2020-01-10 20:00:00",0,55.3088,10.4398,"Årslev"
"236","2020-01-10 21:00:00",0,55.3088,10.4398,"Årslev"
"237","2020-01-10 22:00:00",0,55.3088,10.4398,"Årslev"
"238","2020-01-10 23:00:00",0,55.3088,10.4398,"Årslev"
"239","2020-01-11 00:00:00",0,55.3088,10.4398,"Årslev"
"240","2020-01-11 01:00:00",0,55.3088,10.4398,"Årslev"
"241","2020-01-11 02:00:00",0,55.3088,10.4398,"Årslev"
"242","2020-01-11 03:00:00",0,55.3088,10.4398,"Årslev"
"243","2020-01-11 04:00:00",0,55.3088,10.4398,"Årslev"
"244","2020-01-11 05:00:00",0,55.3088,10.4398,"Årslev"
"245","2020-01-11 06:00:00",0,55.3088,10.4398,"Årslev"
"246","2020-01-11 07:00:00",0,55.3088,10.4398,"Årslev"
"247","2020-01-11 08:00:00",0,55.3088,10.4398,"Årslev"
"248","2020-01-11 09:00:00",5.5,55.3088,10.4398,"Årslev"
"249","2020-01-11 10:00:00",0,55.3088,10.4398,"Årslev"
"250","2020-01-11 11:00:00",0,55.3088,10.4398,"Årslev"
"251","2020-01-11 12:00:00",0,55.3088,10.4398,"Årslev"
"252","2020-01-11 13:00:00",0,55.3088,10.4398,"Årslev"
"253","2020-01-11 14:00:00",0,55.3088,10.4398,"Årslev"
"254","2020-01-11 15:00:00",0,55.3088,10.4398,"Årslev"
"255","2020-01-11 16:00:00",0,55.3088,10.4398,"Årslev"
"256","2020-01-11 17:00:00",0,55.3088,10.4398,"Årslev"
"257","2020-01-11 18:00:00",0,55.3088,10.4398,"Årslev"
"258","2020-01-11 19:00:00",0,55.3088,10.4398,"Årslev"
"259","2020-01-11 20:00:00",0,55.3088,10.4398,"Årslev"
"260","2020-01-11 21:00:00",0,55.3088,10.4398,"Årslev"
"261","2020-01-11 22:00:00",0,55.3088,10.4398,"Årslev"
"262","2020-01-11 23:00:00",0,55.3088,10.4398,"Årslev"
"263","2020-01-12 00:00:00",0,55.3088,10.4398,"Årslev"
"264","2020-01-12 01:00:00",0,55.3088,10.4398,"Årslev"
"265","2020-01-12 02:00:00",0,55.3088,10.4398,"Årslev"
"266","2020-01-12 03:00:00",0,55.3088,10.4398,"Årslev"
"267","2020-01-12 04:00:00",0,55.3088,10.4398,"Årslev"
"268","2020-01-12 05:00:00",0,55.3088,10.4398,"Årslev"
"269","2020-01-12 06:00:00",0,55.3088,10.4398,"Årslev"
"270","2020-01-12 07:00:00",0,55.3088,10.4398,"Årslev"
"271","2020-01-12 08:00:00",0,55.3088,10.4398,"Årslev"
"272","2020-01-12 09:00:00",0,55.3088,10.4398,"Årslev"
"273","2020-01-12 10:00:00",0,55.3088,10.4398,"Årslev"
"274","2020-01-12 11:00:00",0,55.3088,10.4398,"Årslev"
"275","2020-01-12 12:00:00",0,55.3088,10.4398,"Årslev"
"276","2020-01-12 13:00:00",0,55.3088,10.4398,"Årslev"
"277","2020-01-12 14:00:00",0,55.3088,10.4398,"Årslev"
"278","2020-01-12 15:00:00",0,55.3088,10.4398,"Årslev"
"279","2020-01-12 16:00:00",0,55.3088,10.4398,"Årslev"
"280","2020-01-12 17:00:00",0,55.3088,10.4398,"Årslev"
"281","2020-01-12 18:00:00",0,55.3088,10.4398,"Årslev"
"282","2020-01-12 19:00:00",0,55.3088,10.4398,"Årslev"
"283","2020-01-12 20:00:00",0,55.3088,10.4398,"Årslev"
"284","2020-01-12 21:00:00",0,55.3088,10.4398,"Årslev"
"285","2020-01-12 22:00:00",0,55.3088,10.4398,"Årslev"
"286","2020-01-12 23:00:00",0,55.3088,10.4398,"Årslev"
"287","2020-01-13 00:00:00",0,55.3088,10.4398,"Årslev"
"288","2020-01-13 01:00:00",0,55.3088,10.4398,"Årslev"
"289","2020-01-13 02:00:00",0,55.3088,10.4398,"Årslev"
"290","2020-01-13 03:00:00",0,55.3088,10.4398,"Årslev"
"291","2020-01-13 04:00:00",0,55.3088,10.4398,"Årslev"
"292","2020-01-13 05:00:00",0,55.3088,10.4398,"Årslev"
"293","2020-01-13 06:00:00",0,55.3088,10.4398,"Årslev"
"294","2020-01-13 07:00:00",0,55.3088,10.4398,"Årslev"
"295","2020-01-13 08:00:00",0,55.3088,10.4398,"Årslev"
"296","2020-01-13 09:00:00",0,55.3088,10.4398,"Årslev"
"297","2020-01-13 10:00:00",22.5,55.3088,10.4398,"Årslev"
"298","2020-01-13 11:00:00",1.5,55.3088,10.4398,"Årslev"
"299","2020-01-13 12:00:00",8.5,55.3088,10.4398,"Årslev"
"300","2020-01-13 13:00:00",0,55.3088,10.4398,"Årslev"
"301","2020-01-13 14:00:00",0,55.3088,10.4398,"Årslev"
"302","2020-01-13 15:00:00",0,55.3088,10.4398,"Årslev"
"303","2020-01-13 16:00:00",0,55.3088,10.4398,"Årslev"
"304","2020-01-13 17:00:00",0,55.3088,10.4398,"Årslev"
"305","2020-01-13 18:00:00",0,55.3088,10.4398,"Årslev"
"306","2020-01-13 19:00:00",0,55.3088,10.4398,"Årslev"
"307","2020-01-13 20:00:00",0,55.3088,10.4398,"Årslev"
"308","2020-01-13 21:00:00",0,55.3088,10.4398,"Årslev"
"309","2020-01-13 22:00:00",0,55.3088,10.4398,"Årslev"
"310","2020-01-13 23:00:00",0,55.3088,10.4398,"Årslev"
"311","2020-01-14 00:00:00",0,55.3088,10.4398,"Årslev"
"312","2020-01-14 01:00:00",0,55.3088,10.4398,"Årslev"
"313","2020-01-14 02:00:00",0,55.3088,10.4398,"Årslev"
"314","2020-01-14 03:00:00",0,55.3088,10.4398,"Årslev"
"315","2020-01-14 04:00:00",0,55.3088,10.4398,"Årslev"
"316","2020-01-14 05:00:00",0,55.3088,10.4398,"Årslev"
"317","2020-01-14 06:00:00",0,55.3088,10.4398,"Årslev"
"318","2020-01-14 07:00:00",0,55.3088,10.4398,"Årslev"
"319","2020-01-14 08:00:00",0,55.3088,10.4398,"Årslev"
"320","2020-01-14 09:00:00",0,55.3088,10.4398,"Årslev"
"321","2020-01-14 10:00:00",0,55.3088,10.4398,"Årslev"
"322","2020-01-14 11:00:00",0,55.3088,10.4398,"Årslev"
"323","2020-01-14 12:00:00",0,55.3088,10.4398,"Årslev"
"324","2020-01-14 13:00:00",0,55.3088,10.4398,"Årslev"
"325","2020-01-14 14:00:00",0.5,55.3088,10.4398,"Årslev"
"326","2020-01-14 15:00:00",0,55.3088,10.4398,"Årslev"
"327","2020-01-14 16:00:00",0,55.3088,10.4398,"Årslev"
"328","2020-01-14 17:00:00",0,55.3088,10.4398,"Årslev"
"329","2020-01-14 18:00:00",0,55.3088,10.4398,"Årslev"
"330","2020-01-14 19:00:00",0,55.3088,10.4398,"Årslev"
"331","2020-01-14 20:00:00",0,55.3088,10.4398,"Årslev"
"332","2020-01-14 21:00:00",0,55.3088,10.4398,"Årslev"
"333","2020-01-14 22:00:00",0,55.3088,10.4398,"Årslev"
"334","2020-01-14 23:00:00",0,55.3088,10.4398,"Årslev"
"335","2020-01-15 00:00:00",0,55.3088,10.4398,"Årslev"
"336","2020-01-15 01:00:00",0,55.3088,10.4398,"Årslev"
"337","2020-01-15 02:00:00",0,55.3088,10.4398,"Årslev"
"338","2020-01-15 03:00:00",0,55.3088,10.4398,"Årslev"
"339","2020-01-15 04:00:00",0,55.3088,10.4398,"Årslev"
"340","2020-01-15 05:00:00",0,55.3088,10.4398,"Årslev"
"341","2020-01-15 06:00:00",0,55.3088,10.4398,"Årslev"
"342","2020-01-15 07:00:00",0,55.3088,10.4398,"Årslev"
"343","2020-01-15 08:00:00",0,55.3088,10.4398,"Årslev"
"344","2020-01-15 09:00:00",0,55.3088,10.4398,"Årslev"
"345","2020-01-15 10:00:00",0,55.3088,10.4398,"Årslev"
"346","2020-01-15 11:00:00",0,55.3088,10.4398,"Årslev"
"347","2020-01-15 12:00:00",0,55.3088,10.4398,"Årslev"
"348","2020-01-15 13:00:00",0,55.3088,10.4398,"Årslev"
"349","2020-01-15 14:00:00",0,55.3088,10.4398,"Årslev"
"350","2020-01-15 15:00:00",0,55.3088,10.4398,"Årslev"
"351","2020-01-15 16:00:00",0,55.3088,10.4398,"Årslev"
"352","2020-01-15 17:00:00",0,55.3088,10.4398,"Årslev"
"353","2020-01-15 18:00:00",0,55.3088,10.4398,"Årslev"
"354","2020-01-15 19:00:00",0,55.3088,10.4398,"Årslev"
"355","2020-01-15 20:00:00",0,55.3088,10.4398,"Årslev"
"356","2020-01-15 21:00:00",0,55.3088,10.4398,"Årslev"
"357","2020-01-15 22:00:00",0,55.3088,10.4398,"Årslev"
"358","2020-01-15 23:00:00",0,55.3088,10.4398,"Årslev"
"359","2020-01-16 00:00:00",0,55.3088,10.4398,"Årslev"
"360","2020-01-16 01:00:00",0,55.3088,10.4398,"Årslev"
"361","2020-01-16 02:00:00",0,55.3088,10.4398,"Årslev"
"362","2020-01-16 03:00:00",0,55.3088,10.4398,"Årslev"
"363","2020-01-16 04:00:00",0,55.3088,10.4398,"Årslev"
"364","2020-01-16 05:00:00",0,55.3088,10.4398,"Årslev"
"365","2020-01-16 06:00:00",0,55.3088,10.4398,"Årslev"
"366","2020-01-16 07:00:00",0,55.3088,10.4398,"Årslev"
"367","2020-01-16 08:00:00",0,55.3088,10.4398,"Årslev"
"368","2020-01-16 09:00:00",0,55.3088,10.4398,"Årslev"
"369","2020-01-16 10:00:00",0,55.3088,10.4398,"Årslev"
"370","2020-01-16 11:00:00",4,55.3088,10.4398,"Årslev"
"371","2020-01-16 12:00:00",0,55.3088,10.4398,"Årslev"
"372","2020-01-16 13:00:00",0,55.3088,10.4398,"Årslev"
"373","2020-01-16 14:00:00",0,55.3088,10.4398,"Årslev"
"374","2020-01-16 15:00:00",1,55.3088,10.4398,"Årslev"
"375","2020-01-16 16:00:00",0,55.3088,10.4398,"Årslev"
"376","2020-01-16 17:00:00",0,55.3088,10.4398,"Årslev"
"377","2020-01-16 18:00:00",0,55.3088,10.4398,"Årslev"
"378","2020-01-16 19:00:00",0,55.3088,10.4398,"Årslev"
"379","2020-01-16 20:00:00",0,55.3088,10.4398,"Årslev"
"380","2020-01-16 21:00:00",0,55.3088,10.4398,"Årslev"
"381","2020-01-16 22:00:00",0,55.3088,10.4398,"Årslev"
"382","2020-01-16 23:00:00",0,55.3088,10.4398,"Årslev"
"383","2020-01-17 00:00:00",0,55.3088,10.4398,"Årslev"
"384","2020-01-17 01:00:00",0,55.3088,10.4398,"Årslev"
"385","2020-01-17 02:00:00",0,55.3088,10.4398,"Årslev"
"386","2020-01-17 03:00:00",0,55.3088,10.4398,"Årslev"
"387","2020-01-17 04:00:00",0,55.3088,10.4398,"Årslev"
"388","2020-01-17 05:00:00",0,55.3088,10.4398,"Årslev"
"389","2020-01-17 06:00:00",0,55.3088,10.4398,"Årslev"
"390","2020-01-17 07:00:00",0,55.3088,10.4398,"Årslev"
"391","2020-01-17 08:00:00",1.5,55.3088,10.4398,"Årslev"
"392","2020-01-17 09:00:00",43.5,55.3088,10.4398,"Årslev"
"393","2020-01-17 10:00:00",55.5,55.3088,10.4398,"Årslev"
"394","2020-01-17 11:00:00",57.5,55.3088,10.4398,"Årslev"
"395","2020-01-17 12:00:00",58,55.3088,10.4398,"Årslev"
"396","2020-01-17 14:00:00",60,55.3088,10.4398,"Årslev"
"397","2020-01-17 15:00:00",38.5,55.3088,10.4398,"Årslev"
"398","2020-01-17 16:00:00",0,55.3088,10.4398,"Årslev"
"399","2020-01-17 17:00:00",0,55.3088,10.4398,"Årslev"
"400","2020-01-17 18:00:00",0,55.3088,10.4398,"Årslev"
"401","2020-01-17 19:00:00",0,55.3088,10.4398,"Årslev"
"402","2020-01-17 20:00:00",0,55.3088,10.4398,"Årslev"
"403","2020-01-17 21:00:00",0,55.3088,10.4398,"Årslev"
"404","2020-01-17 22:00:00",0,55.3088,10.4398,"Årslev"
"405","2020-01-17 23:00:00",0,55.3088,10.4398,"Årslev"
"406","2020-01-18 00:00:00",0,55.3088,10.4398,"Årslev"
"407","2020-01-18 01:00:00",0,55.3088,10.4398,"Årslev"
"408","2020-01-18 02:00:00",0,55.3088,10.4398,"Årslev"
"409","2020-01-18 03:00:00",0,55.3088,10.4398,"Årslev"
"410","2020-01-18 04:00:00",0,55.3088,10.4398,"Årslev"
"411","2020-01-18 05:00:00",0,55.3088,10.4398,"Årslev"
"412","2020-01-18 06:00:00",0,55.3088,10.4398,"Årslev"
"413","2020-01-18 07:00:00",0,55.3088,10.4398,"Årslev"
"414","2020-01-18 08:00:00",0,55.3088,10.4398,"Årslev"
"415","2020-01-18 09:00:00",0,55.3088,10.4398,"Årslev"
"416","2020-01-18 10:00:00",6,55.3088,10.4398,"Årslev"
"417","2020-01-18 11:00:00",15,55.3088,10.4398,"Årslev"
"418","2020-01-18 12:00:00",17,55.3088,10.4398,"Årslev"
"419","2020-01-18 13:00:00",25,55.3088,10.4398,"Årslev"
"420","2020-01-18 14:00:00",52.5,55.3088,10.4398,"Årslev"
"421","2020-01-18 15:00:00",10.5,55.3088,10.4398,"Årslev"
"422","2020-01-18 16:00:00",0,55.3088,10.4398,"Årslev"
"423","2020-01-18 17:00:00",0,55.3088,10.4398,"Årslev"
"424","2020-01-18 18:00:00",0,55.3088,10.4398,"Årslev"
"425","2020-01-18 19:00:00",0,55.3088,10.4398,"Årslev"
"426","2020-01-18 20:00:00",0,55.3088,10.4398,"Årslev"
"427","2020-01-18 21:00:00",0,55.3088,10.4398,"Årslev"
"428","2020-01-18 22:00:00",0,55.3088,10.4398,"Årslev"
"429","2020-01-18 23:00:00",0,55.3088,10.4398,"Årslev"
"430","2020-01-19 00:00:00",0,55.3088,10.4398,"Årslev"
"431","2020-01-19 01:00:00",0,55.3088,10.4398,"Årslev"
"432","2020-01-19 02:00:00",0,55.3088,10.4398,"Årslev"
"433","2020-01-19 03:00:00",0,55.3088,10.4398,"Årslev"
"434","2020-01-19 04:00:00",0,55.3088,10.4398,"Årslev"
"435","2020-01-19 05:00:00",0,55.3088,10.4398,"Årslev"
"436","2020-01-19 06:00:00",0,55.3088,10.4398,"Årslev"
"437","2020-01-19 07:00:00",0,55.3088,10.4398,"Årslev"
"438","2020-01-19 08:00:00",0.5,55.3088,10.4398,"Årslev"
"439","2020-01-19 09:00:00",54,55.3088,10.4398,"Årslev"
"440","2020-01-19 10:00:00",60,55.3088,10.4398,"Årslev"
"441","2020-01-19 11:00:00",60,55.3088,10.4398,"Årslev"
"442","2020-01-19 12:00:00",60,55.3088,10.4398,"Årslev"
"443","2020-01-19 13:00:00",60,55.3088,10.4398,"Årslev"
"444","2020-01-19 14:00:00",60,55.3088,10.4398,"Årslev"
"445","2020-01-19 15:00:00",41.5,55.3088,10.4398,"Årslev"
"446","2020-01-19 16:00:00",0,55.3088,10.4398,"Årslev"
"447","2020-01-19 17:00:00",0,55.3088,10.4398,"Årslev"
"448","2020-01-19 18:00:00",0,55.3088,10.4398,"Årslev"
"449","2020-01-19 19:00:00",0,55.3088,10.4398,"Årslev"
"450","2020-01-19 20:00:00",0,55.3088,10.4398,"Årslev"
"451","2020-01-19 21:00:00",0,55.3088,10.4398,"Årslev"
"452","2020-01-19 22:00:00",0,55.3088,10.4398,"Årslev"
"453","2020-01-19 23:00:00",0,55.3088,10.4398,"Årslev"
"454","2020-01-20 00:00:00",0,55.3088,10.4398,"Årslev"
"455","2020-01-20 01:00:00",0,55.3088,10.4398,"Årslev"
"456","2020-01-20 02:00:00",0,55.3088,10.4398,"Årslev"
"457","2020-01-20 03:00:00",0,55.3088,10.4398,"Årslev"
"458","2020-01-20 04:00:00",0,55.3088,10.4398,"Årslev"
"459","2020-01-20 05:00:00",0,55.3088,10.4398,"Årslev"
"460","2020-01-20 06:00:00",0,55.3088,10.4398,"Årslev"
"461","2020-01-20 07:00:00",0,55.3088,10.4398,"Årslev"
"462","2020-01-20 08:00:00",0,55.3088,10.4398,"Årslev"
"463","2020-01-20 09:00:00",0,55.3088,10.4398,"Årslev"
"464","2020-01-20 10:00:00",0,55.3088,10.4398,"Årslev"
"465","2020-01-20 11:00:00",0,55.3088,10.4398,"Årslev"
"466","2020-01-20 12:00:00",0,55.3088,10.4398,"Årslev"
"467","2020-01-20 13:00:00",17,55.3088,10.4398,"Årslev"
"468","2020-01-20 14:00:00",36,55.3088,10.4398,"Årslev"
"469","2020-01-20 15:00:00",23,55.3088,10.4398,"Årslev"
"470","2020-01-20 16:00:00",0,55.3088,10.4398,"Årslev"
"471","2020-01-20 17:00:00",0,55.3088,10.4398,"Årslev"
"472","2020-01-20 18:00:00",0,55.3088,10.4398,"Årslev"
"473","2020-01-20 19:00:00",0,55.3088,10.4398,"Årslev"
"474","2020-01-20 20:00:00",0,55.3088,10.4398,"Årslev"
"475","2020-01-20 21:00:00",0,55.3088,10.4398,"Årslev"
"476","2020-01-20 22:00:00",0,55.3088,10.4398,"Årslev"
"477","2020-01-20 23:00:00",0,55.3088,10.4398,"Årslev"
"478","2020-01-21 00:00:00",0,55.3088,10.4398,"Årslev"
"479","2020-01-21 01:00:00",0,55.3088,10.4398,"Årslev"
"480","2020-01-21 02:00:00",0,55.3088,10.4398,"Årslev"
"481","2020-01-21 03:00:00",0,55.3088,10.4398,"Årslev"
"482","2020-01-21 04:00:00",0,55.3088,10.4398,"Årslev"
"483","2020-01-21 05:00:00",0,55.3088,10.4398,"Årslev"
"484","2020-01-21 06:00:00",0,55.3088,10.4398,"Årslev"
"485","2020-01-21 07:00:00",0,55.3088,10.4398,"Årslev"
"486","2020-01-21 08:00:00",0,55.3088,10.4398,"Årslev"
"487","2020-01-21 09:00:00",0,55.3088,10.4398,"Årslev"
"488","2020-01-21 10:00:00",0,55.3088,10.4398,"Årslev"
"489","2020-01-21 11:00:00",0,55.3088,10.4398,"Årslev"
"490","2020-01-21 12:00:00",0,55.3088,10.4398,"Årslev"
"491","2020-01-21 13:00:00",0,55.3088,10.4398,"Årslev"
"492","2020-01-21 14:00:00",0,55.3088,10.4398,"Årslev"
"493","2020-01-21 15:00:00",0,55.3088,10.4398,"Årslev"
"494","2020-01-21 16:00:00",0,55.3088,10.4398,"Årslev"
"495","2020-01-21 17:00:00",0,55.3088,10.4398,"Årslev"
"496","2020-01-21 18:00:00",0,55.3088,10.4398,"Årslev"
"497","2020-01-21 19:00:00",0,55.3088,10.4398,"Årslev"
"498","2020-01-21 20:00:00",0,55.3088,10.4398,"Årslev"
"499","2020-01-21 21:00:00",0,55.3088,10.4398,"Årslev"
"500","2020-01-21 22:00:00",0,55.3088,10.4398,"Årslev"
"501","2020-01-21 23:00:00",0,55.3088,10.4398,"Årslev"
"502","2020-01-22 00:00:00",0,55.3088,10.4398,"Årslev"
"503","2020-01-22 01:00:00",0,55.3088,10.4398,"Årslev"
"504","2020-01-22 02:00:00",0,55.3088,10.4398,"Årslev"
"505","2020-01-22 03:00:00",0,55.3088,10.4398,"Årslev"
"506","2020-01-22 04:00:00",0,55.3088,10.4398,"Årslev"
"507","2020-01-22 05:00:00",0,55.3088,10.4398,"Årslev"
"508","2020-01-22 06:00:00",0,55.3088,10.4398,"Årslev"
"509","2020-01-22 07:00:00",0,55.3088,10.4398,"Årslev"
"510","2020-01-22 08:00:00",0,55.3088,10.4398,"Årslev"
"511","2020-01-22 09:00:00",4.5,55.3088,10.4398,"Årslev"
"512","2020-01-22 10:00:00",55.5,55.3088,10.4398,"Årslev"
"513","2020-01-22 11:00:00",54.5,55.3088,10.4398,"Årslev"
"514","2020-01-22 12:00:00",44,55.3088,10.4398,"Årslev"
"515","2020-01-22 13:00:00",55,55.3088,10.4398,"Årslev"
"516","2020-01-22 14:00:00",49,55.3088,10.4398,"Årslev"
"517","2020-01-22 15:00:00",25,55.3088,10.4398,"Årslev"
"518","2020-01-22 16:00:00",0,55.3088,10.4398,"Årslev"
"519","2020-01-22 17:00:00",0,55.3088,10.4398,"Årslev"
"520","2020-01-22 18:00:00",0,55.3088,10.4398,"Årslev"
"521","2020-01-22 19:00:00",0,55.3088,10.4398,"Årslev"
"522","2020-01-22 20:00:00",0,55.3088,10.4398,"Årslev"
"523","2020-01-22 21:00:00",0,55.3088,10.4398,"Årslev"
"524","2020-01-22 22:00:00",0,55.3088,10.4398,"Årslev"
"525","2020-01-22 23:00:00",0,55.3088,10.4398,"Årslev"
"526","2020-01-23 00:00:00",0,55.3088,10.4398,"Årslev"
"527","2020-01-23 01:00:00",0,55.3088,10.4398,"Årslev"
"528","2020-01-23 02:00:00",0,55.3088,10.4398,"Årslev"
"529","2020-01-23 03:00:00",0,55.3088,10.4398,"Årslev"
"530","2020-01-23 04:00:00",0,55.3088,10.4398,"Årslev"
"531","2020-01-23 05:00:00",0,55.3088,10.4398,"Årslev"
"532","2020-01-23 06:00:00",0,55.3088,10.4398,"Årslev"
"533","2020-01-23 07:00:00",0,55.3088,10.4398,"Årslev"
"534","2020-01-23 08:00:00",0,55.3088,10.4398,"Årslev"
"535","2020-01-23 09:00:00",0,55.3088,10.4398,"Årslev"
"536","2020-01-23 10:00:00",0,55.3088,10.4398,"Årslev"
"537","2020-01-23 11:00:00",0,55.3088,10.4398,"Årslev"
"538","2020-01-23 12:00:00",0,55.3088,10.4398,"Årslev"
"539","2020-01-23 13:00:00",0,55.3088,10.4398,"Årslev"
"540","2020-01-23 14:00:00",0,55.3088,10.4398,"Årslev"
"541","2020-01-23 15:00:00",0,55.3088,10.4398,"Årslev"
"542","2020-01-23 16:00:00",0,55.3088,10.4398,"Årslev"
"543","2020-01-23 17:00:00",0,55.3088,10.4398,"Årslev"
"544","2020-01-23 18:00:00",0,55.3088,10.4398,"Årslev"
"545","2020-01-23 19:00:00",0,55.3088,10.4398,"Årslev"
"546","2020-01-23 20:00:00",0,55.3088,10.4398,"Årslev"
"547","2020-01-23 21:00:00",0,55.3088,10.4398,"Årslev"
"548","2020-01-23 22:00:00",0,55.3088,10.4398,"Årslev"
"549","2020-01-23 23:00:00",0,55.3088,10.4398,"Årslev"
"550","2020-01-24 00:00:00",0,55.3088,10.4398,"Årslev"
"551","2020-01-24 01:00:00",0,55.3088,10.4398,"Årslev"
"552","2020-01-24 02:00:00",0,55.3088,10.4398,"Årslev"
"553","2020-01-24 03:00:00",0,55.3088,10.4398,"Årslev"
"554","2020-01-24 04:00:00",0,55.3088,10.4398,"Årslev"
"555","2020-01-24 05:00:00",0,55.3088,10.4398,"Årslev"
"556","2020-01-24 06:00:00",0,55.3088,10.4398,"Årslev"
"557","2020-01-24 07:00:00",0,55.3088,10.4398,"Årslev"
"558","2020-01-24 08:00:00",0,55.3088,10.4398,"Årslev"
"559","2020-01-24 09:00:00",0,55.3088,10.4398,"Årslev"
"560","2020-01-24 10:00:00",0,55.3088,10.4398,"Årslev"
"561","2020-01-24 11:00:00",0,55.3088,10.4398,"Årslev"
"562","2020-01-24 12:00:00",0,55.3088,10.4398,"Årslev"
"563","2020-01-24 13:00:00",0,55.3088,10.4398,"Årslev"
"564","2020-01-24 14:00:00",0,55.3088,10.4398,"Årslev"
"565","2020-01-24 15:00:00",0,55.3088,10.4398,"Årslev"
"566","2020-01-24 16:00:00",0,55.3088,10.4398,"Årslev"
"567","2020-01-24 17:00:00",0,55.3088,10.4398,"Årslev"
"568","2020-01-24 18:00:00",0,55.3088,10.4398,"Årslev"
"569","2020-01-24 19:00:00",0,55.3088,10.4398,"Årslev"
"570","2020-01-24 20:00:00",0,55.3088,10.4398,"Årslev"
"571","2020-01-24 21:00:00",0,55.3088,10.4398,"Årslev"
"572","2020-01-24 22:00:00",0,55.3088,10.4398,"Årslev"
"573","2020-01-24 23:00:00",0,55.3088,10.4398,"Årslev"
"574","2020-01-25 00:00:00",0,55.3088,10.4398,"Årslev"
"575","2020-01-25 01:00:00",0,55.3088,10.4398,"Årslev"
"576","2020-01-25 02:00:00",0,55.3088,10.4398,"Årslev"
"577","2020-01-25 03:00:00",0,55.3088,10.4398,"Årslev"
"578","2020-01-25 04:00:00",0,55.3088,10.4398,"Årslev"
"579","2020-01-25 05:00:00",0,55.3088,10.4398,"Årslev"
"580","2020-01-25 06:00:00",0,55.3088,10.4398,"Årslev"
"581","2020-01-25 07:00:00",0,55.3088,10.4398,"Årslev"
"582","2020-01-25 08:00:00",0,55.3088,10.4398,"Årslev"
"583","2020-01-25 09:00:00",0,55.3088,10.4398,"Årslev"
"584","2020-01-25 10:00:00",0,55.3088,10.4398,"Årslev"
"585","2020-01-25 11:00:00",0,55.3088,10.4398,"Årslev"
"586","2020-01-25 12:00:00",0,55.3088,10.4398,"Årslev"
"587","2020-01-25 13:00:00",0,55.3088,10.4398,"Årslev"
"588","2020-01-25 14:00:00",0,55.3088,10.4398,"Årslev"
"589","2020-01-25 15:00:00",0,55.3088,10.4398,"Årslev"
"590","2020-01-25 16:00:00",0,55.3088,10.4398,"Årslev"
"591","2020-01-25 17:00:00",0,55.3088,10.4398,"Årslev"
"592","2020-01-25 18:00:00",0,55.3088,10.4398,"Årslev"
"593","2020-01-25 19:00:00",0,55.3088,10.4398,"Årslev"
"594","2020-01-25 20:00:00",0,55.3088,10.4398,"Årslev"
"595","2020-01-25 21:00:00",0,55.3088,10.4398,"Årslev"
"596","2020-01-25 22:00:00",0,55.3088,10.4398,"Årslev"
"597","2020-01-25 23:00:00",0,55.3088,10.4398,"Årslev"
"598","2020-01-26 00:00:00",0,55.3088,10.4398,"Årslev"
"599","2020-01-26 01:00:00",0,55.3088,10.4398,"Årslev"
"600","2020-01-26 02:00:00",0,55.3088,10.4398,"Årslev"
"601","2020-01-26 03:00:00",0,55.3088,10.4398,"Årslev"
"602","2020-01-26 04:00:00",0,55.3088,10.4398,"Årslev"
"603","2020-01-26 05:00:00",0,55.3088,10.4398,"Årslev"
"604","2020-01-26 06:00:00",0,55.3088,10.4398,"Årslev"
"605","2020-01-26 07:00:00",0,55.3088,10.4398,"Årslev"
"606","2020-01-26 08:00:00",0,55.3088,10.4398,"Årslev"
"607","2020-01-26 09:00:00",0,55.3088,10.4398,"Årslev"
"608","2020-01-26 10:00:00",0,55.3088,10.4398,"Årslev"
"609","2020-01-26 11:00:00",0,55.3088,10.4398,"Årslev"
"610","2020-01-26 12:00:00",0,55.3088,10.4398,"Årslev"
"611","2020-01-26 13:00:00",39.5,55.3088,10.4398,"Årslev"
"612","2020-01-26 14:00:00",60,55.3088,10.4398,"Årslev"
"613","2020-01-26 15:00:00",54.5,55.3088,10.4398,"Årslev"
"614","2020-01-26 16:00:00",0,55.3088,10.4398,"Årslev"
"615","2020-01-26 17:00:00",0,55.3088,10.4398,"Årslev"
"616","2020-01-26 18:00:00",0,55.3088,10.4398,"Årslev"
"617","2020-01-26 19:00:00",0,55.3088,10.4398,"Årslev"
"618","2020-01-26 20:00:00",0,55.3088,10.4398,"Årslev"
"619","2020-01-26 21:00:00",0,55.3088,10.4398,"Årslev"
"620","2020-01-26 22:00:00",0,55.3088,10.4398,"Årslev"
"621","2020-01-26 23:00:00",0,55.3088,10.4398,"Årslev"
"622","2020-01-27 00:00:00",0,55.3088,10.4398,"Årslev"
"623","2020-01-27 01:00:00",0,55.3088,10.4398,"Årslev"
"624","2020-01-27 02:00:00",0,55.3088,10.4398,"Årslev"
"625","2020-01-27 03:00:00",0,55.3088,10.4398,"Årslev"
"626","2020-01-27 04:00:00",0,55.3088,10.4398,"Årslev"
"627","2020-01-27 05:00:00",0,55.3088,10.4398,"Årslev"
"628","2020-01-27 06:00:00",0,55.3088,10.4398,"Årslev"
"629","2020-01-27 07:00:00",0,55.3088,10.4398,"Årslev"
"630","2020-01-27 08:00:00",0,55.3088,10.4398,"Årslev"
"631","2020-01-27 09:00:00",0,55.3088,10.4398,"Årslev"
"632","2020-01-27 10:00:00",0,55.3088,10.4398,"Årslev"
"633","2020-01-27 11:00:00",0,55.3088,10.4398,"Årslev"
"634","2020-01-27 12:00:00",0,55.3088,10.4398,"Årslev"
"635","2020-01-27 13:00:00",0,55.3088,10.4398,"Årslev"
"636","2020-01-27 14:00:00",0,55.3088,10.4398,"Årslev"
"637","2020-01-27 15:00:00",0,55.3088,10.4398,"Årslev"
"638","2020-01-27 16:00:00",0,55.3088,10.4398,"Årslev"
"639","2020-01-27 17:00:00",0,55.3088,10.4398,"Årslev"
"640","2020-01-27 18:00:00",0,55.3088,10.4398,"Årslev"
"641","2020-01-27 19:00:00",0,55.3088,10.4398,"Årslev"
"642","2020-01-27 20:00:00",0,55.3088,10.4398,"Årslev"
"643","2020-01-27 21:00:00",0,55.3088,10.4398,"Årslev"
"644","2020-01-27 22:00:00",0,55.3088,10.4398,"Årslev"
"645","2020-01-27 23:00:00",0,55.3088,10.4398,"Årslev"
"646","2020-01-28 00:00:00",0,55.3088,10.4398,"Årslev"
"647","2020-01-28 01:00:00",0,55.3088,10.4398,"Årslev"
"648","2020-01-28 02:00:00",0,55.3088,10.4398,"Årslev"
"649","2020-01-28 03:00:00",0,55.3088,10.4398,"Årslev"
"650","2020-01-28 04:00:00",0,55.3088,10.4398,"Årslev"
"651","2020-01-28 05:00:00",0,55.3088,10.4398,"Årslev"
"652","2020-01-28 06:00:00",0,55.3088,10.4398,"Årslev"
"653","2020-01-28 07:00:00",0,55.3088,10.4398,"Årslev"
"654","2020-01-28 08:00:00",0,55.3088,10.4398,"Årslev"
"655","2020-01-28 09:00:00",0,55.3088,10.4398,"Årslev"
"656","2020-01-28 10:00:00",0,55.3088,10.4398,"Årslev"
"657","2020-01-28 11:00:00",0,55.3088,10.4398,"Årslev"
"658","2020-01-28 12:00:00",11,55.3088,10.4398,"Årslev"
"659","2020-01-28 13:00:00",0,55.3088,10.4398,"Årslev"
"660","2020-01-28 14:00:00",25.5,55.3088,10.4398,"Årslev"
"661","2020-01-28 15:00:00",1,55.3088,10.4398,"Årslev"
"662","2020-01-28 16:00:00",0,55.3088,10.4398,"Årslev"
"663","2020-01-28 17:00:00",0,55.3088,10.4398,"Årslev"
"664","2020-01-28 18:00:00",0,55.3088,10.4398,"Årslev"
"665","2020-01-28 19:00:00",0,55.3088,10.4398,"Årslev"
"666","2020-01-28 20:00:00",0,55.3088,10.4398,"Årslev"
"667","2020-01-28 21:00:00",0,55.3088,10.4398,"Årslev"
"668","2020-01-28 22:00:00",0,55.3088,10.4398,"Årslev"
"669","2020-01-28 23:00:00",0,55.3088,10.4398,"Årslev"
"670","2020-01-29 00:00:00",0,55.3088,10.4398,"Årslev"
"671","2020-01-29 01:00:00",0,55.3088,10.4398,"Årslev"
"672","2020-01-29 02:00:00",0,55.3088,10.4398,"Årslev"
"673","2020-01-29 03:00:00",0,55.3088,10.4398,"Årslev"
"674","2020-01-29 04:00:00",0,55.3088,10.4398,"Årslev"
"675","2020-01-29 05:00:00",0,55.3088,10.4398,"Årslev"
"676","2020-01-29 06:00:00",0,55.3088,10.4398,"Årslev"
"677","2020-01-29 07:00:00",0,55.3088,10.4398,"Årslev"
"678","2020-01-29 08:00:00",0,55.3088,10.4398,"Årslev"
"679","2020-01-29 09:00:00",7.5,55.3088,10.4398,"Årslev"
"680","2020-01-29 10:00:00",4.5,55.3088,10.4398,"Årslev"
"681","2020-01-29 11:00:00",20.5,55.3088,10.4398,"Årslev"
"682","2020-01-29 12:00:00",33.5,55.3088,10.4398,"Årslev"
"683","2020-01-29 13:00:00",51.5,55.3088,10.4398,"Årslev"
"684","2020-01-29 14:00:00",45,55.3088,10.4398,"Årslev"
"685","2020-01-29 15:00:00",36,55.3088,10.4398,"Årslev"
"686","2020-01-29 16:00:00",0.5,55.3088,10.4398,"Årslev"
"687","2020-01-29 17:00:00",0,55.3088,10.4398,"Årslev"
"688","2020-01-29 18:00:00",0,55.3088,10.4398,"Årslev"
"689","2020-01-29 19:00:00",0,55.3088,10.4398,"Årslev"
"690","2020-01-29 20:00:00",0,55.3088,10.4398,"Årslev"
"691","2020-01-29 21:00:00",0,55.3088,10.4398,"Årslev"
"692","2020-01-29 22:00:00",0,55.3088,10.4398,"Årslev"
"693","2020-01-29 23:00:00",0,55.3088,10.4398,"Årslev"
"694","2020-01-30 00:00:00",0,55.3088,10.4398,"Årslev"
"695","2020-01-30 01:00:00",0,55.3088,10.4398,"Årslev"
"696","2020-01-30 02:00:00",0,55.3088,10.4398,"Årslev"
"697","2020-01-30 03:00:00",0,55.3088,10.4398,"Årslev"
"698","2020-01-30 04:00:00",0,55.3088,10.4398,"Årslev"
"699","2020-01-30 05:00:00",0,55.3088,10.4398,"Årslev"
"700","2020-01-30 06:00:00",0,55.3088,10.4398,"Årslev"
"701","2020-01-30 07:00:00",0,55.3088,10.4398,"Årslev"
"702","2020-01-30 08:00:00",0,55.3088,10.4398,"Årslev"
"703","2020-01-30 09:00:00",0,55.3088,10.4398,"Årslev"
"704","2020-01-30 10:00:00",0,55.3088,10.4398,"Årslev"
"705","2020-01-30 11:00:00",0,55.3088,10.4398,"Årslev"
"706","2020-01-30 12:00:00",0,55.3088,10.4398,"Årslev"
"707","2020-01-30 13:00:00",0,55.3088,10.4398,"Årslev"
"708","2020-01-30 14:00:00",0,55.3088,10.4398,"Årslev"
"709","2020-01-30 15:00:00",0,55.3088,10.4398,"Årslev"
"710","2020-01-30 16:00:00",0,55.3088,10.4398,"Årslev"
"711","2020-01-30 17:00:00",0,55.3088,10.4398,"Årslev"
"712","2020-01-30 18:00:00",0,55.3088,10.4398,"Årslev"
"713","2020-01-30 19:00:00",0,55.3088,10.4398,"Årslev"
"714","2020-01-30 20:00:00",0,55.3088,10.4398,"Årslev"
"715","2020-01-30 21:00:00",0,55.3088,10.4398,"Årslev"
"716","2020-01-30 22:00:00",0,55.3088,10.4398,"Årslev"
"717","2020-01-30 23:00:00",0,55.3088,10.4398,"Årslev"
"718","2020-01-31 00:00:00",0,55.3088,10.4398,"Årslev"
"719","2020-01-31 01:00:00",0,55.3088,10.4398,"Årslev"
"720","2020-01-31 02:00:00",0,55.3088,10.4398,"Årslev"
"721","2020-01-31 03:00:00",0,55.3088,10.4398,"Årslev"
"722","2020-01-31 04:00:00",0,55.3088,10.4398,"Årslev"
"723","2020-01-31 05:00:00",0,55.3088,10.4398,"Årslev"
"724","2020-01-31 06:00:00",0,55.3088,10.4398,"Årslev"
"725","2020-01-31 07:00:00",0,55.3088,10.4398,"Årslev"
"726","2020-01-31 08:00:00",0,55.3088,10.4398,"Årslev"
"727","2020-01-31 09:00:00",0,55.3088,10.4398,"Årslev"
"728","2020-01-31 10:00:00",5,55.3088,10.4398,"Årslev"
"729","2020-01-31 11:00:00",8.5,55.3088,10.4398,"Årslev"
"730","2020-01-31 12:00:00",0,55.3088,10.4398,"Årslev"
"731","2020-01-31 13:00:00",5,55.3088,10.4398,"Årslev"
"732","2020-01-31 14:00:00",0,55.3088,10.4398,"Årslev"
"733","2020-01-31 15:00:00",0,55.3088,10.4398,"Årslev"
"734","2020-01-31 16:00:00",0,55.3088,10.4398,"Årslev"
"735","2020-01-31 17:00:00",0,55.3088,10.4398,"Årslev"
"736","2020-01-31 18:00:00",0,55.3088,10.4398,"Årslev"
"737","2020-01-31 19:00:00",0,55.3088,10.4398,"Årslev"
"738","2020-01-31 20:00:00",0,55.3088,10.4398,"Årslev"
"739","2020-01-31 21:00:00",0,55.3088,10.4398,"Årslev"
"740","2020-01-31 22:00:00",0,55.3088,10.4398,"Årslev"
"741","2020-01-31 23:00:00",0,55.3088,10.4398,"Årslev"
"742","2020-01-01 01:00:00",0,55.2444,9.8882,"Assens/Torø"
"743","2020-01-01 02:00:00",0,55.2444,9.8882,"Assens/Torø"
"744","2020-01-01 03:00:00",0,55.2444,9.8882,"Assens/Torø"
"745","2020-01-01 04:00:00",0,55.2444,9.8882,"Assens/Torø"
"746","2020-01-01 05:00:00",0,55.2444,9.8882,"Assens/Torø"
"747","2020-01-01 06:00:00",0,55.2444,9.8882,"Assens/Torø"
"748","2020-01-01 07:00:00",0,55.2444,9.8882,"Assens/Torø"
"749","2020-01-01 08:00:00",0,55.2444,9.8882,"Assens/Torø"
"750","2020-01-01 09:00:00",0,55.2444,9.8882,"Assens/Torø"
"751","2020-01-01 10:00:00",0,55.2444,9.8882,"Assens/Torø"
"752","2020-01-01 11:00:00",0,55.2444,9.8882,"Assens/Torø"
"753","2020-01-01 12:00:00",0,55.2444,9.8882,"Assens/Torø"
"754","2020-01-01 13:00:00",0,55.2444,9.8882,"Assens/Torø"
"755","2020-01-01 14:00:00",0,55.2444,9.8882,"Assens/Torø"
"756","2020-01-01 15:00:00",0,55.2444,9.8882,"Assens/Torø"
"757","2020-01-01 16:00:00",0,55.2444,9.8882,"Assens/Torø"
"758","2020-01-01 17:00:00",0,55.2444,9.8882,"Assens/Torø"
"759","2020-01-01 18:00:00",0,55.2444,9.8882,"Assens/Torø"
"760","2020-01-01 19:00:00",0,55.2444,9.8882,"Assens/Torø"
"761","2020-01-01 20:00:00",0,55.2444,9.8882,"Assens/Torø"
"762","2020-01-01 21:00:00",0,55.2444,9.8882,"Assens/Torø"
"763","2020-01-01 22:00:00",0,55.2444,9.8882,"Assens/Torø"
"764","2020-01-01 23:00:00",0,55.2444,9.8882,"Assens/Torø"
"765","2020-01-02 00:00:00",0,55.2444,9.8882,"Assens/Torø"
"766","2020-01-02 01:00:00",0,55.2444,9.8882,"Assens/Torø"
"767","2020-01-02 02:00:00",0,55.2444,9.8882,"Assens/Torø"
"768","2020-01-02 03:00:00",0,55.2444,9.8882,"Assens/Torø"
"769","2020-01-02 04:00:00",0,55.2444,9.8882,"Assens/Torø"
"770","2020-01-02 05:00:00",0,55.2444,9.8882,"Assens/Torø"
"771","2020-01-02 06:00:00",0,55.2444,9.8882,"Assens/Torø"
"772","2020-01-02 07:00:00",0,55.2444,9.8882,"Assens/Torø"
"773","2020-01-02 08:00:00",0,55.2444,9.8882,"Assens/Torø"
"774","2020-01-02 09:00:00",0,55.2444,9.8882,"Assens/Torø"
"775","2020-01-02 10:00:00",0,55.2444,9.8882,"Assens/Torø"
"776","2020-01-02 11:00:00",0,55.2444,9.8882,"Assens/Torø"
"777","2020-01-02 12:00:00",0,55.2444,9.8882,"Assens/Torø"
"778","2020-01-02 13:00:00",0,55.2444,9.8882,"Assens/Torø"
"779","2020-01-02 14:00:00",0,55.2444,9.8882,"Assens/Torø"
"780","2020-01-02 15:00:00",0,55.2444,9.8882,"Assens/Torø"
"781","2020-01-02 16:00:00",0,55.2444,9.8882,"Assens/Torø"
"782","2020-01-02 17:00:00",0,55.2444,9.8882,"Assens/Torø"
"783","2020-01-02 18:00:00",0,55.2444,9.8882,"Assens/Torø"
"784","2020-01-02 19:00:00",0,55.2444,9.8882,"Assens/Torø"
"785","2020-01-02 20:00:00",0,55.2444,9.8882,"Assens/Torø"
"786","2020-01-02 21:00:00",0,55.2444,9.8882,"Assens/Torø"
"787","2020-01-02 22:00:00",0,55.2444,9.8882,"Assens/Torø"
"788","2020-01-02 23:00:00",0,55.2444,9.8882,"Assens/Torø"
"789","2020-01-03 00:00:00",0,55.2444,9.8882,"Assens/Torø"
"790","2020-01-03 01:00:00",0,55.2444,9.8882,"Assens/Torø"
"791","2020-01-03 02:00:00",0,55.2444,9.8882,"Assens/Torø"
"792","2020-01-03 03:00:00",0,55.2444,9.8882,"Assens/Torø"
"793","2020-01-03 04:00:00",0,55.2444,9.8882,"Assens/Torø"
"794","2020-01-03 05:00:00",0,55.2444,9.8882,"Assens/Torø"
"795","2020-01-03 06:00:00",0,55.2444,9.8882,"Assens/Torø"
"796","2020-01-03 07:00:00",0,55.2444,9.8882,"Assens/Torø"
"797","2020-01-03 08:00:00",0,55.2444,9.8882,"Assens/Torø"
"798","2020-01-03 09:00:00",0,55.2444,9.8882,"Assens/Torø"
"799","2020-01-03 10:00:00",0,55.2444,9.8882,"Assens/Torø"
"800","2020-01-03 11:00:00",0,55.2444,9.8882,"Assens/Torø"
"801","2020-01-03 12:00:00",0,55.2444,9.8882,"Assens/Torø"
"802","2020-01-03 13:00:00",0,55.2444,9.8882,"Assens/Torø"
"803","2020-01-03 14:00:00",0,55.2444,9.8882,"Assens/Torø"
"804","2020-01-03 15:00:00",0,55.2444,9.8882,"Assens/Torø"
"805","2020-01-03 16:00:00",0,55.2444,9.8882,"Assens/Torø"
"806","2020-01-03 17:00:00",0,55.2444,9.8882,"Assens/Torø"
"807","2020-01-03 18:00:00",0,55.2444,9.8882,"Assens/Torø"
"808","2020-01-03 19:00:00",0,55.2444,9.8882,"Assens/Torø"
"809","2020-01-03 20:00:00",0,55.2444,9.8882,"Assens/Torø"
"810","2020-01-03 21:00:00",0,55.2444,9.8882,"Assens/Torø"
"811","2020-01-03 22:00:00",0,55.2444,9.8882,"Assens/Torø"
"812","2020-01-03 23:00:00",0,55.2444,9.8882,"Assens/Torø"
"813","2020-01-04 00:00:00",0,55.2444,9.8882,"Assens/Torø"
"814","2020-01-04 01:00:00",0,55.2444,9.8882,"Assens/Torø"
"815","2020-01-04 02:00:00",0,55.2444,9.8882,"Assens/Torø"
"816","2020-01-04 03:00:00",0,55.2444,9.8882,"Assens/Torø"
"817","2020-01-04 04:00:00",0,55.2444,9.8882,"Assens/Torø"
"818","2020-01-04 05:00:00",0,55.2444,9.8882,"Assens/Torø"
"819","2020-01-04 06:00:00",0,55.2444,9.8882,"Assens/Torø"
"820","2020-01-04 07:00:00",0,55.2444,9.8882,"Assens/Torø"
"821","2020-01-04 08:00:00",0,55.2444,9.8882,"Assens/Torø"
"822","2020-01-04 09:00:00",0,55.2444,9.8882,"Assens/Torø"
"823","2020-01-04 10:00:00",4.5,55.2444,9.8882,"Assens/Torø"
"824","2020-01-04 11:00:00",58.5,55.2444,9.8882,"Assens/Torø"
"825","2020-01-04 12:00:00",60,55.2444,9.8882,"Assens/Torø"
"826","2020-01-04 13:00:00",60,55.2444,9.8882,"Assens/Torø"
"827","2020-01-04 14:00:00",55.5,55.2444,9.8882,"Assens/Torø"
"828","2020-01-04 15:00:00",23.5,55.2444,9.8882,"Assens/Torø"
"829","2020-01-04 16:00:00",0,55.2444,9.8882,"Assens/Torø"
"830","2020-01-04 17:00:00",0,55.2444,9.8882,"Assens/Torø"
"831","2020-01-04 18:00:00",0,55.2444,9.8882,"Assens/Torø"
"832","2020-01-04 19:00:00",0,55.2444,9.8882,"Assens/Torø"
"833","2020-01-04 20:00:00",0,55.2444,9.8882,"Assens/Torø"
"834","2020-01-04 21:00:00",0,55.2444,9.8882,"Assens/Torø"
"835","2020-01-04 22:00:00",0,55.2444,9.8882,"Assens/Torø"
"836","2020-01-04 23:00:00",0,55.2444,9.8882,"Assens/Torø"
"837","2020-01-05 00:00:00",0,55.2444,9.8882,"Assens/Torø"
"838","2020-01-05 01:00:00",0,55.2444,9.8882,"Assens/Torø"
"839","2020-01-05 02:00:00",0,55.2444,9.8882,"Assens/Torø"
"840","2020-01-05 03:00:00",0,55.2444,9.8882,"Assens/Torø"
"841","2020-01-05 04:00:00",0,55.2444,9.8882,"Assens/Torø"
"842","2020-01-05 05:00:00",0,55.2444,9.8882,"Assens/Torø"
"843","2020-01-05 06:00:00",0,55.2444,9.8882,"Assens/Torø"
"844","2020-01-05 07:00:00",0,55.2444,9.8882,"Assens/Torø"
"845","2020-01-05 08:00:00",0,55.2444,9.8882,"Assens/Torø"
"846","2020-01-05 09:00:00",0,55.2444,9.8882,"Assens/Torø"
"847","2020-01-05 10:00:00",6,55.2444,9.8882,"Assens/Torø"
"848","2020-01-05 11:00:00",10.5,55.2444,9.8882,"Assens/Torø"
"849","2020-01-05 12:00:00",0,55.2444,9.8882,"Assens/Torø"
"850","2020-01-05 13:00:00",0,55.2444,9.8882,"Assens/Torø"
"851","2020-01-05 14:00:00",0,55.2444,9.8882,"Assens/Torø"
"852","2020-01-05 15:00:00",0,55.2444,9.8882,"Assens/Torø"
"853","2020-01-05 16:00:00",0,55.2444,9.8882,"Assens/Torø"
"854","2020-01-05 17:00:00",0,55.2444,9.8882,"Assens/Torø"
"855","2020-01-05 18:00:00",0,55.2444,9.8882,"Assens/Torø"
"856","2020-01-05 19:00:00",0,55.2444,9.8882,"Assens/Torø"
"857","2020-01-05 20:00:00",0,55.2444,9.8882,"Assens/Torø"
"858","2020-01-05 21:00:00",0,55.2444,9.8882,"Assens/Torø"
"859","2020-01-05 22:00:00",0,55.2444,9.8882,"Assens/Torø"
"860","2020-01-05 23:00:00",0,55.2444,9.8882,"Assens/Torø"
"861","2020-01-06 00:00:00",0,55.2444,9.8882,"Assens/Torø"
"862","2020-01-06 01:00:00",0,55.2444,9.8882,"Assens/Torø"
"863","2020-01-06 02:00:00",0,55.2444,9.8882,"Assens/Torø"
"864","2020-01-06 03:00:00",0,55.2444,9.8882,"Assens/Torø"
"865","2020-01-06 04:00:00",0,55.2444,9.8882,"Assens/Torø"
"866","2020-01-06 05:00:00",0,55.2444,9.8882,"Assens/Torø"
"867","2020-01-06 06:00:00",0,55.2444,9.8882,"Assens/Torø"
"868","2020-01-06 07:00:00",0,55.2444,9.8882,"Assens/Torø"
"869","2020-01-06 08:00:00",0,55.2444,9.8882,"Assens/Torø"
"870","2020-01-06 09:00:00",0,55.2444,9.8882,"Assens/Torø"
"871","2020-01-06 10:00:00",0,55.2444,9.8882,"Assens/Torø"
"872","2020-01-06 11:00:00",0,55.2444,9.8882,"Assens/Torø"
"873","2020-01-06 12:00:00",0,55.2444,9.8882,"Assens/Torø"
"874","2020-01-06 13:00:00",0,55.2444,9.8882,"Assens/Torø"
"875","2020-01-06 14:00:00",0,55.2444,9.8882,"Assens/Torø"
"876","2020-01-06 15:00:00",0,55.2444,9.8882,"Assens/Torø"
"877","2020-01-06 16:00:00",0,55.2444,9.8882,"Assens/Torø"
"878","2020-01-06 17:00:00",0,55.2444,9.8882,"Assens/Torø"
"879","2020-01-06 18:00:00",0,55.2444,9.8882,"Assens/Torø"
"880","2020-01-06 19:00:00",0,55.2444,9.8882,"Assens/Torø"
"881","2020-01-06 20:00:00",0,55.2444,9.8882,"Assens/Torø"
"882","2020-01-06 21:00:00",0,55.2444,9.8882,"Assens/Torø"
"883","2020-01-06 22:00:00",0,55.2444,9.8882,"Assens/Torø"
"884","2020-01-06 23:00:00",0,55.2444,9.8882,"Assens/Torø"
"885","2020-01-07 00:00:00",0,55.2444,9.8882,"Assens/Torø"
"886","2020-01-07 01:00:00",0,55.2444,9.8882,"Assens/Torø"
"887","2020-01-07 02:00:00",0,55.2444,9.8882,"Assens/Torø"
"888","2020-01-07 03:00:00",0,55.2444,9.8882,"Assens/Torø"
"889","2020-01-07 04:00:00",0,55.2444,9.8882,"Assens/Torø"
"890","2020-01-07 05:00:00",0,55.2444,9.8882,"Assens/Torø"
"891","2020-01-07 06:00:00",0,55.2444,9.8882,"Assens/Torø"
"892","2020-01-07 07:00:00",0,55.2444,9.8882,"Assens/Torø"
"893","2020-01-07 08:00:00",0,55.2444,9.8882,"Assens/Torø"
"894","2020-01-07 09:00:00",0,55.2444,9.8882,"Assens/Torø"
"895","2020-01-07 10:00:00",0,55.2444,9.8882,"Assens/Torø"
"896","2020-01-07 11:00:00",0,55.2444,9.8882,"Assens/Torø"
"897","2020-01-07 12:00:00",1,55.2444,9.8882,"Assens/Torø"
"898","2020-01-07 13:00:00",9.5,55.2444,9.8882,"Assens/Torø"
"899","2020-01-07 14:00:00",45,55.2444,9.8882,"Assens/Torø"
"900","2020-01-07 15:00:00",23,55.2444,9.8882,"Assens/Torø"
"901","2020-01-07 16:00:00",0,55.2444,9.8882,"Assens/Torø"
"902","2020-01-07 17:00:00",0,55.2444,9.8882,"Assens/Torø"
"903","2020-01-07 18:00:00",0,55.2444,9.8882,"Assens/Torø"
"904","2020-01-07 19:00:00",0,55.2444,9.8882,"Assens/Torø"
"905","2020-01-07 20:00:00",0,55.2444,9.8882,"Assens/Torø"
"906","2020-01-07 21:00:00",0,55.2444,9.8882,"Assens/Torø"
"907","2020-01-07 22:00:00",0,55.2444,9.8882,"Assens/Torø"
"908","2020-01-07 23:00:00",0,55.2444,9.8882,"Assens/Torø"
"909","2020-01-08 00:00:00",0,55.2444,9.8882,"Assens/Torø"
"910","2020-01-08 01:00:00",0,55.2444,9.8882,"Assens/Torø"
"911","2020-01-08 03:00:00",0,55.2444,9.8882,"Assens/Torø"
"912","2020-01-08 04:00:00",0,55.2444,9.8882,"Assens/Torø"
"913","2020-01-08 05:00:00",0,55.2444,9.8882,"Assens/Torø"
"914","2020-01-08 06:00:00",0,55.2444,9.8882,"Assens/Torø"
"915","2020-01-08 07:00:00",0,55.2444,9.8882,"Assens/Torø"
"916","2020-01-08 08:00:00",0,55.2444,9.8882,"Assens/Torø"
"917","2020-01-08 09:00:00",0,55.2444,9.8882,"Assens/Torø"
"918","2020-01-08 10:00:00",0,55.2444,9.8882,"Assens/Torø"
"919","2020-01-08 11:00:00",4,55.2444,9.8882,"Assens/Torø"
"920","2020-01-08 12:00:00",0,55.2444,9.8882,"Assens/Torø"
"921","2020-01-08 13:00:00",12,55.2444,9.8882,"Assens/Torø"
"922","2020-01-08 14:00:00",3.5,55.2444,9.8882,"Assens/Torø"
"923","2020-01-08 15:00:00",14,55.2444,9.8882,"Assens/Torø"
"924","2020-01-08 16:00:00",0,55.2444,9.8882,"Assens/Torø"
"925","2020-01-08 17:00:00",0,55.2444,9.8882,"Assens/Torø"
"926","2020-01-08 18:00:00",0,55.2444,9.8882,"Assens/Torø"
"927","2020-01-08 19:00:00",0,55.2444,9.8882,"Assens/Torø"
"928","2020-01-08 20:00:00",0,55.2444,9.8882,"Assens/Torø"
"929","2020-01-08 21:00:00",0,55.2444,9.8882,"Assens/Torø"
"930","2020-01-08 22:00:00",0,55.2444,9.8882,"Assens/Torø"
"931","2020-01-08 23:00:00",0,55.2444,9.8882,"Assens/Torø"
"932","2020-01-09 00:00:00",0,55.2444,9.8882,"Assens/Torø"
"933","2020-01-09 01:00:00",0,55.2444,9.8882,"Assens/Torø"
"934","2020-01-09 02:00:00",0,55.2444,9.8882,"Assens/Torø"
"935","2020-01-09 03:00:00",0,55.2444,9.8882,"Assens/Torø"
"936","2020-01-09 04:00:00",0,55.2444,9.8882,"Assens/Torø"
"937","2020-01-09 05:00:00",0,55.2444,9.8882,"Assens/Torø"
"938","2020-01-09 06:00:00",0,55.2444,9.8882,"Assens/Torø"
"939","2020-01-09 07:00:00",0,55.2444,9.8882,"Assens/Torø"
"940","2020-01-09 08:00:00",0,55.2444,9.8882,"Assens/Torø"
"941","2020-01-09 09:00:00",0,55.2444,9.8882,"Assens/Torø"
"942","2020-01-09 10:00:00",0,55.2444,9.8882,"Assens/Torø"
"943","2020-01-09 11:00:00",0,55.2444,9.8882,"Assens/Torø"
"944","2020-01-09 12:00:00",0,55.2444,9.8882,"Assens/Torø"
"945","2020-01-09 13:00:00",0,55.2444,9.8882,"Assens/Torø"
"946","2020-01-09 14:00:00",0,55.2444,9.8882,"Assens/Torø"
"947","2020-01-09 15:00:00",0,55.2444,9.8882,"Assens/Torø"
"948","2020-01-09 16:00:00",0,55.2444,9.8882,"Assens/Torø"
"949","2020-01-09 17:00:00",0,55.2444,9.8882,"Assens/Torø"
"950","2020-01-09 18:00:00",0,55.2444,9.8882,"Assens/Torø"
"951","2020-01-09 19:00:00",0,55.2444,9.8882,"Assens/Torø"
"952","2020-01-09 20:00:00",0,55.2444,9.8882,"Assens/Torø"
"953","2020-01-09 21:00:00",0,55.2444,9.8882,"Assens/Torø"
"954","2020-01-09 22:00:00",0,55.2444,9.8882,"Assens/Torø"
"955","2020-01-09 23:00:00",0,55.2444,9.8882,"Assens/Torø"
"956","2020-01-10 00:00:00",0,55.2444,9.8882,"Assens/Torø"
"957","2020-01-10 01:00:00",0,55.2444,9.8882,"Assens/Torø"
"958","2020-01-10 02:00:00",0,55.2444,9.8882,"Assens/Torø"
"959","2020-01-10 03:00:00",0,55.2444,9.8882,"Assens/Torø"
"960","2020-01-10 04:00:00",0,55.2444,9.8882,"Assens/Torø"
"961","2020-01-10 05:00:00",0,55.2444,9.8882,"Assens/Torø"
"962","2020-01-10 06:00:00",0,55.2444,9.8882,"Assens/Torø"
"963","2020-01-10 07:00:00",0,55.2444,9.8882,"Assens/Torø"
"964","2020-01-10 08:00:00",0,55.2444,9.8882,"Assens/Torø"
"965","2020-01-10 09:00:00",0,55.2444,9.8882,"Assens/Torø"
"966","2020-01-10 10:00:00",0,55.2444,9.8882,"Assens/Torø"
"967","2020-01-10 11:00:00",0,55.2444,9.8882,"Assens/Torø"
"968","2020-01-10 12:00:00",0,55.2444,9.8882,"Assens/Torø"
"969","2020-01-10 13:00:00",0,55.2444,9.8882,"Assens/Torø"
"970","2020-01-10 14:00:00",0,55.2444,9.8882,"Assens/Torø"
"971","2020-01-10 15:00:00",0,55.2444,9.8882,"Assens/Torø"
"972","2020-01-10 16:00:00",0,55.2444,9.8882,"Assens/Torø"
"973","2020-01-10 17:00:00",0,55.2444,9.8882,"Assens/Torø"
"974","2020-01-10 18:00:00",0,55.2444,9.8882,"Assens/Torø"
"975","2020-01-10 19:00:00",0,55.2444,9.8882,"Assens/Torø"
"976","2020-01-10 20:00:00",0,55.2444,9.8882,"Assens/Torø"
"977","2020-01-10 21:00:00",0,55.2444,9.8882,"Assens/Torø"
"978","2020-01-10 22:00:00",0,55.2444,9.8882,"Assens/Torø"
"979","2020-01-10 23:00:00",0,55.2444,9.8882,"Assens/Torø"
"980","2020-01-11 00:00:00",0,55.2444,9.8882,"Assens/Torø"
"981","2020-01-11 01:00:00",0,55.2444,9.8882,"Assens/Torø"
"982","2020-01-11 02:00:00",0,55.2444,9.8882,"Assens/Torø"
"983","2020-01-11 03:00:00",0,55.2444,9.8882,"Assens/Torø"
"984","2020-01-11 04:00:00",0,55.2444,9.8882,"Assens/Torø"
"985","2020-01-11 05:00:00",0,55.2444,9.8882,"Assens/Torø"
"986","2020-01-11 06:00:00",0,55.2444,9.8882,"Assens/Torø"
"987","2020-01-11 07:00:00",0,55.2444,9.8882,"Assens/Torø"
"988","2020-01-11 08:00:00",0,55.2444,9.8882,"Assens/Torø"
"989","2020-01-11 09:00:00",0,55.2444,9.8882,"Assens/Torø"
"990","2020-01-11 10:00:00",0,55.2444,9.8882,"Assens/Torø"
"991","2020-01-11 11:00:00",0,55.2444,9.8882,"Assens/Torø"
"992","2020-01-11 12:00:00",0,55.2444,9.8882,"Assens/Torø"
"993","2020-01-11 13:00:00",0,55.2444,9.8882,"Assens/Torø"
"994","2020-01-11 14:00:00",0,55.2444,9.8882,"Assens/Torø"
"995","2020-01-11 15:00:00",0,55.2444,9.8882,"Assens/Torø"
"996","2020-01-11 16:00:00",0,55.2444,9.8882,"Assens/Torø"
"997","2020-01-11 17:00:00",0,55.2444,9.8882,"Assens/Torø"
"998","2020-01-11 18:00:00",0,55.2444,9.8882,"Assens/Torø"
"999","2020-01-11 19:00:00",0,55.2444,9.8882,"Assens/Torø"
"1000","2020-01-11 20:00:00",0,55.2444,9.8882,"Assens/Torø"
"1001","2020-01-11 21:00:00",0,55.2444,9.8882,"Assens/Torø"
"1002","2020-01-11 22:00:00",0,55.2444,9.8882,"Assens/Torø"
"1003","2020-01-11 23:00:00",0,55.2444,9.8882,"Assens/Torø"
"1004","2020-01-12 00:00:00",0,55.2444,9.8882,"Assens/Torø"
"1005","2020-01-12 01:00:00",0,55.2444,9.8882,"Assens/Torø"
"1006","2020-01-12 02:00:00",0,55.2444,9.8882,"Assens/Torø"
"1007","2020-01-12 03:00:00",0,55.2444,9.8882,"Assens/Torø"
"1008","2020-01-12 04:00:00",0,55.2444,9.8882,"Assens/Torø"
"1009","2020-01-12 05:00:00",0,55.2444,9.8882,"Assens/Torø"
"1010","2020-01-12 06:00:00",0,55.2444,9.8882,"Assens/Torø"
"1011","2020-01-12 07:00:00",0,55.2444,9.8882,"Assens/Torø"
"1012","2020-01-12 08:00:00",0,55.2444,9.8882,"Assens/Torø"
"1013","2020-01-12 09:00:00",0,55.2444,9.8882,"Assens/Torø"
"1014","2020-01-12 10:00:00",0,55.2444,9.8882,"Assens/Torø"
"1015","2020-01-12 11:00:00",0,55.2444,9.8882,"Assens/Torø"
"1016","2020-01-12 12:00:00",0,55.2444,9.8882,"Assens/Torø"
"1017","2020-01-12 13:00:00",0,55.2444,9.8882,"Assens/Torø"
"1018","2020-01-12 14:00:00",0,55.2444,9.8882,"Assens/Torø"
"1019","2020-01-12 15:00:00",0,55.2444,9.8882,"Assens/Torø"
"1020","2020-01-12 16:00:00",0,55.2444,9.8882,"Assens/Torø"
"1021","2020-01-12 17:00:00",0,55.2444,9.8882,"Assens/Torø"
"1022","2020-01-12 18:00:00",0,55.2444,9.8882,"Assens/Torø"
"1023","2020-01-12 19:00:00",0,55.2444,9.8882,"Assens/Torø"
"1024","2020-01-12 20:00:00",0,55.2444,9.8882,"Assens/Torø"
"1025","2020-01-12 21:00:00",0,55.2444,9.8882,"Assens/Torø"
"1026","2020-01-12 22:00:00",0,55.2444,9.8882,"Assens/Torø"
"1027","2020-01-12 23:00:00",0,55.2444,9.8882,"Assens/Torø"
"1028","2020-01-13 00:00:00",0,55.2444,9.8882,"Assens/Torø"
"1029","2020-01-13 01:00:00",0,55.2444,9.8882,"Assens/Torø"
"1030","2020-01-13 02:00:00",0,55.2444,9.8882,"Assens/Torø"
"1031","2020-01-13 03:00:00",0,55.2444,9.8882,"Assens/Torø"
"1032","2020-01-13 04:00:00",0,55.2444,9.8882,"Assens/Torø"
"1033","2020-01-13 05:00:00",0,55.2444,9.8882,"Assens/Torø"
"1034","2020-01-13 06:00:00",0,55.2444,9.8882,"Assens/Torø"
"1035","2020-01-13 07:00:00",0,55.2444,9.8882,"Assens/Torø"
"1036","2020-01-13 08:00:00",0,55.2444,9.8882,"Assens/Torø"
"1037","2020-01-13 09:00:00",0,55.2444,9.8882,"Assens/Torø"
"1038","2020-01-13 10:00:00",0,55.2444,9.8882,"Assens/Torø"
"1039","2020-01-13 11:00:00",0,55.2444,9.8882,"Assens/Torø"
"1040","2020-01-13 12:00:00",22.5,55.2444,9.8882,"Assens/Torø"
"1041","2020-01-13 13:00:00",0,55.2444,9.8882,"Assens/Torø"
"1042","2020-01-13 14:00:00",0,55.2444,9.8882,"Assens/Torø"
"1043","2020-01-13 15:00:00",1.5,55.2444,9.8882,"Assens/Torø"
"1044","2020-01-13 16:00:00",0,55.2444,9.8882,"Assens/Torø"
"1045","2020-01-13 17:00:00",0,55.2444,9.8882,"Assens/Torø"
"1046","2020-01-13 18:00:00",0,55.2444,9.8882,"Assens/Torø"
"1047","2020-01-13 19:00:00",0,55.2444,9.8882,"Assens/Torø"
"1048","2020-01-13 20:00:00",0,55.2444,9.8882,"Assens/Torø"
"1049","2020-01-13 21:00:00",0,55.2444,9.8882,"Assens/Torø"
"1050","2020-01-13 22:00:00",0,55.2444,9.8882,"Assens/Torø"
"1051","2020-01-13 23:00:00",0,55.2444,9.8882,"Assens/Torø"
"1052","2020-01-14 00:00:00",0,55.2444,9.8882,"Assens/Torø"
"1053","2020-01-14 01:00:00",0,55.2444,9.8882,"Assens/Torø"
"1054","2020-01-14 02:00:00",0,55.2444,9.8882,"Assens/Torø"
"1055","2020-01-14 03:00:00",0,55.2444,9.8882,"Assens/Torø"
"1056","2020-01-14 04:00:00",0,55.2444,9.8882,"Assens/Torø"
"1057","2020-01-14 05:00:00",0,55.2444,9.8882,"Assens/Torø"
"1058","2020-01-14 06:00:00",0,55.2444,9.8882,"Assens/Torø"
"1059","2020-01-14 07:00:00",0,55.2444,9.8882,"Assens/Torø"
"1060","2020-01-14 08:00:00",0,55.2444,9.8882,"Assens/Torø"
"1061","2020-01-14 09:00:00",0,55.2444,9.8882,"Assens/Torø"
"1062","2020-01-14 10:00:00",0,55.2444,9.8882,"Assens/Torø"
"1063","2020-01-14 11:00:00",0,55.2444,9.8882,"Assens/Torø"
"1064","2020-01-14 12:00:00",1,55.2444,9.8882,"Assens/Torø"
"1065","2020-01-14 13:00:00",22.5,55.2444,9.8882,"Assens/Torø"
"1066","2020-01-14 14:00:00",9.5,55.2444,9.8882,"Assens/Torø"
"1067","2020-01-14 15:00:00",0,55.2444,9.8882,"Assens/Torø"
"1068","2020-01-14 16:00:00",0,55.2444,9.8882,"Assens/Torø"
"1069","2020-01-14 17:00:00",0,55.2444,9.8882,"Assens/Torø"
"1070","2020-01-14 18:00:00",0,55.2444,9.8882,"Assens/Torø"
"1071","2020-01-14 19:00:00",0,55.2444,9.8882,"Assens/Torø"
"1072","2020-01-14 20:00:00",0,55.2444,9.8882,"Assens/Torø"
"1073","2020-01-14 21:00:00",0,55.2444,9.8882,"Assens/Torø"
"1074","2020-01-14 22:00:00",0,55.2444,9.8882,"Assens/Torø"
"1075","2020-01-14 23:00:00",0,55.2444,9.8882,"Assens/Torø"
"1076","2020-01-15 00:00:00",0,55.2444,9.8882,"Assens/Torø"
"1077","2020-01-15 01:00:00",0,55.2444,9.8882,"Assens/Torø"
"1078","2020-01-15 02:00:00",0,55.2444,9.8882,"Assens/Torø"
"1079","2020-01-15 03:00:00",0,55.2444,9.8882,"Assens/Torø"
"1080","2020-01-15 04:00:00",0,55.2444,9.8882,"Assens/Torø"
"1081","2020-01-15 05:00:00",0,55.2444,9.8882,"Assens/Torø"
"1082","2020-01-15 06:00:00",0,55.2444,9.8882,"Assens/Torø"
"1083","2020-01-15 07:00:00",0,55.2444,9.8882,"Assens/Torø"
"1084","2020-01-15 08:00:00",0,55.2444,9.8882,"Assens/Torø"
"1085","2020-01-15 09:00:00",0,55.2444,9.8882,"Assens/Torø"
"1086","2020-01-15 10:00:00",0,55.2444,9.8882,"Assens/Torø"
"1087","2020-01-15 11:00:00",0,55.2444,9.8882,"Assens/Torø"
"1088","2020-01-15 12:00:00",0,55.2444,9.8882,"Assens/Torø"
"1089","2020-01-15 13:00:00",0,55.2444,9.8882,"Assens/Torø"
"1090","2020-01-15 14:00:00",0,55.2444,9.8882,"Assens/Torø"
"1091","2020-01-15 15:00:00",0,55.2444,9.8882,"Assens/Torø"
"1092","2020-01-15 16:00:00",0,55.2444,9.8882,"Assens/Torø"
"1093","2020-01-15 17:00:00",0,55.2444,9.8882,"Assens/Torø"
"1094","2020-01-15 18:00:00",0,55.2444,9.8882,"Assens/Torø"
"1095","2020-01-15 19:00:00",0,55.2444,9.8882,"Assens/Torø"
"1096","2020-01-15 20:00:00",0,55.2444,9.8882,"Assens/Torø"
"1097","2020-01-15 21:00:00",0,55.2444,9.8882,"Assens/Torø"
"1098","2020-01-15 22:00:00",0,55.2444,9.8882,"Assens/Torø"
"1099","2020-01-15 23:00:00",0,55.2444,9.8882,"Assens/Torø"
"1100","2020-01-16 00:00:00",0,55.2444,9.8882,"Assens/Torø"
"1101","2020-01-16 01:00:00",0,55.2444,9.8882,"Assens/Torø"
"1102","2020-01-16 02:00:00",0,55.2444,9.8882,"Assens/Torø"
"1103","2020-01-16 03:00:00",0,55.2444,9.8882,"Assens/Torø"
"1104","2020-01-16 04:00:00",0,55.2444,9.8882,"Assens/Torø"
"1105","2020-01-16 05:00:00",0,55.2444,9.8882,"Assens/Torø"
"1106","2020-01-16 06:00:00",0,55.2444,9.8882,"Assens/Torø"
"1107","2020-01-16 07:00:00",0,55.2444,9.8882,"Assens/Torø"
"1108","2020-01-16 08:00:00",0,55.2444,9.8882,"Assens/Torø"
"1109","2020-01-16 09:00:00",3.5,55.2444,9.8882,"Assens/Torø"
"1110","2020-01-16 10:00:00",10,55.2444,9.8882,"Assens/Torø"
"1111","2020-01-16 11:00:00",22.5,55.2444,9.8882,"Assens/Torø"
"1112","2020-01-16 12:00:00",0,55.2444,9.8882,"Assens/Torø"
"1113","2020-01-16 13:00:00",0,55.2444,9.8882,"Assens/Torø"
"1114","2020-01-16 14:00:00",0,55.2444,9.8882,"Assens/Torø"
"1115","2020-01-16 15:00:00",0,55.2444,9.8882,"Assens/Torø"
"1116","2020-01-16 16:00:00",0,55.2444,9.8882,"Assens/Torø"
"1117","2020-01-16 17:00:00",0,55.2444,9.8882,"Assens/Torø"
"1118","2020-01-16 18:00:00",0,55.2444,9.8882,"Assens/Torø"
"1119","2020-01-16 19:00:00",0,55.2444,9.8882,"Assens/Torø"
"1120","2020-01-16 20:00:00",0,55.2444,9.8882,"Assens/Torø"
"1121","2020-01-16 21:00:00",0,55.2444,9.8882,"Assens/Torø"
"1122","2020-01-16 22:00:00",0,55.2444,9.8882,"Assens/Torø"
"1123","2020-01-16 23:00:00",0,55.2444,9.8882,"Assens/Torø"
"1124","2020-01-17 00:00:00",0,55.2444,9.8882,"Assens/Torø"
"1125","2020-01-17 01:00:00",0,55.2444,9.8882,"Assens/Torø"
"1126","2020-01-17 02:00:00",0,55.2444,9.8882,"Assens/Torø"
"1127","2020-01-17 03:00:00",0,55.2444,9.8882,"Assens/Torø"
"1128","2020-01-17 04:00:00",0,55.2444,9.8882,"Assens/Torø"
"1129","2020-01-17 05:00:00",0,55.2444,9.8882,"Assens/Torø"
"1130","2020-01-17 06:00:00",0,55.2444,9.8882,"Assens/Torø"
"1131","2020-01-17 07:00:00",0,55.2444,9.8882,"Assens/Torø"
"1132","2020-01-17 08:00:00",0,55.2444,9.8882,"Assens/Torø"
"1133","2020-01-17 09:00:00",11.5,55.2444,9.8882,"Assens/Torø"
"1134","2020-01-17 10:00:00",49.5,55.2444,9.8882,"Assens/Torø"
"1135","2020-01-17 11:00:00",36,55.2444,9.8882,"Assens/Torø"
"1136","2020-01-17 12:00:00",14.5,55.2444,9.8882,"Assens/Torø"
"1137","2020-01-17 14:00:00",49.5,55.2444,9.8882,"Assens/Torø"
"1138","2020-01-17 15:00:00",30.5,55.2444,9.8882,"Assens/Torø"
"1139","2020-01-17 16:00:00",0,55.2444,9.8882,"Assens/Torø"
"1140","2020-01-17 17:00:00",0,55.2444,9.8882,"Assens/Torø"
"1141","2020-01-17 18:00:00",0,55.2444,9.8882,"Assens/Torø"
"1142","2020-01-17 19:00:00",0,55.2444,9.8882,"Assens/Torø"
"1143","2020-01-17 20:00:00",0,55.2444,9.8882,"Assens/Torø"
"1144","2020-01-17 21:00:00",0,55.2444,9.8882,"Assens/Torø"
"1145","2020-01-17 22:00:00",0,55.2444,9.8882,"Assens/Torø"
"1146","2020-01-17 23:00:00",0,55.2444,9.8882,"Assens/Torø"
"1147","2020-01-18 00:00:00",0,55.2444,9.8882,"Assens/Torø"
"1148","2020-01-18 01:00:00",0,55.2444,9.8882,"Assens/Torø"
"1149","2020-01-18 02:00:00",0,55.2444,9.8882,"Assens/Torø"
"1150","2020-01-18 03:00:00",0,55.2444,9.8882,"Assens/Torø"
"1151","2020-01-18 04:00:00",0,55.2444,9.8882,"Assens/Torø"
"1152","2020-01-18 05:00:00",0,55.2444,9.8882,"Assens/Torø"
"1153","2020-01-18 06:00:00",0,55.2444,9.8882,"Assens/Torø"
"1154","2020-01-18 07:00:00",0,55.2444,9.8882,"Assens/Torø"
"1155","2020-01-18 08:00:00",0,55.2444,9.8882,"Assens/Torø"
"1156","2020-01-18 09:00:00",2.5,55.2444,9.8882,"Assens/Torø"
"1157","2020-01-18 10:00:00",26.5,55.2444,9.8882,"Assens/Torø"
"1158","2020-01-18 11:00:00",13,55.2444,9.8882,"Assens/Torø"
"1159","2020-01-18 12:00:00",25.5,55.2444,9.8882,"Assens/Torø"
"1160","2020-01-18 13:00:00",60,55.2444,9.8882,"Assens/Torø"
"1161","2020-01-18 14:00:00",37.5,55.2444,9.8882,"Assens/Torø"
"1162","2020-01-18 15:00:00",9,55.2444,9.8882,"Assens/Torø"
"1163","2020-01-18 16:00:00",0,55.2444,9.8882,"Assens/Torø"
"1164","2020-01-18 17:00:00",0,55.2444,9.8882,"Assens/Torø"
"1165","2020-01-18 18:00:00",0,55.2444,9.8882,"Assens/Torø"
"1166","2020-01-18 19:00:00",0,55.2444,9.8882,"Assens/Torø"
"1167","2020-01-18 20:00:00",0,55.2444,9.8882,"Assens/Torø"
"1168","2020-01-18 21:00:00",0,55.2444,9.8882,"Assens/Torø"
"1169","2020-01-18 22:00:00",0,55.2444,9.8882,"Assens/Torø"
"1170","2020-01-18 23:00:00",0,55.2444,9.8882,"Assens/Torø"
"1171","2020-01-19 00:00:00",0,55.2444,9.8882,"Assens/Torø"
"1172","2020-01-19 01:00:00",0,55.2444,9.8882,"Assens/Torø"
"1173","2020-01-19 02:00:00",0,55.2444,9.8882,"Assens/Torø"
"1174","2020-01-19 03:00:00",0,55.2444,9.8882,"Assens/Torø"
"1175","2020-01-19 04:00:00",0,55.2444,9.8882,"Assens/Torø"
"1176","2020-01-19 05:00:00",0,55.2444,9.8882,"Assens/Torø"
"1177","2020-01-19 06:00:00",0,55.2444,9.8882,"Assens/Torø"
"1178","2020-01-19 07:00:00",0,55.2444,9.8882,"Assens/Torø"
"1179","2020-01-19 08:00:00",0,55.2444,9.8882,"Assens/Torø"
"1180","2020-01-19 09:00:00",18,55.2444,9.8882,"Assens/Torø"
"1181","2020-01-19 10:00:00",60,55.2444,9.8882,"Assens/Torø"
"1182","2020-01-19 11:00:00",60,55.2444,9.8882,"Assens/Torø"
"1183","2020-01-19 12:00:00",60,55.2444,9.8882,"Assens/Torø"
"1184","2020-01-19 13:00:00",60,55.2444,9.8882,"Assens/Torø"
"1185","2020-01-19 14:00:00",58.5,55.2444,9.8882,"Assens/Torø"
"1186","2020-01-19 15:00:00",44.5,55.2444,9.8882,"Assens/Torø"
"1187","2020-01-19 16:00:00",0,55.2444,9.8882,"Assens/Torø"
"1188","2020-01-19 17:00:00",0,55.2444,9.8882,"Assens/Torø"
"1189","2020-01-19 18:00:00",0,55.2444,9.8882,"Assens/Torø"
"1190","2020-01-19 19:00:00",0,55.2444,9.8882,"Assens/Torø"
"1191","2020-01-19 20:00:00",0,55.2444,9.8882,"Assens/Torø"
"1192","2020-01-19 21:00:00",0,55.2444,9.8882,"Assens/Torø"
"1193","2020-01-19 22:00:00",0,55.2444,9.8882,"Assens/Torø"
"1194","2020-01-19 23:00:00",0,55.2444,9.8882,"Assens/Torø"
"1195","2020-01-20 00:00:00",0,55.2444,9.8882,"Assens/Torø"
"1196","2020-01-20 01:00:00",0,55.2444,9.8882,"Assens/Torø"
"1197","2020-01-20 02:00:00",0,55.2444,9.8882,"Assens/Torø"
"1198","2020-01-20 03:00:00",0,55.2444,9.8882,"Assens/Torø"
"1199","2020-01-20 04:00:00",0,55.2444,9.8882,"Assens/Torø"
"1200","2020-01-20 05:00:00",0,55.2444,9.8882,"Assens/Torø"
"1201","2020-01-20 06:00:00",0,55.2444,9.8882,"Assens/Torø"
"1202","2020-01-20 07:00:00",0,55.2444,9.8882,"Assens/Torø"
"1203","2020-01-20 08:00:00",0,55.2444,9.8882,"Assens/Torø"
"1204","2020-01-20 09:00:00",0,55.2444,9.8882,"Assens/Torø"
"1205","2020-01-20 10:00:00",0,55.2444,9.8882,"Assens/Torø"
"1206","2020-01-20 11:00:00",0,55.2444,9.8882,"Assens/Torø"
"1207","2020-01-20 12:00:00",0,55.2444,9.8882,"Assens/Torø"
"1208","2020-01-20 13:00:00",0,55.2444,9.8882,"Assens/Torø"
"1209","2020-01-20 14:00:00",40.5,55.2444,9.8882,"Assens/Torø"
"1210","2020-01-20 15:00:00",20.5,55.2444,9.8882,"Assens/Torø"
"1211","2020-01-20 16:00:00",0,55.2444,9.8882,"Assens/Torø"
"1212","2020-01-20 17:00:00",0,55.2444,9.8882,"Assens/Torø"
"1213","2020-01-20 18:00:00",0,55.2444,9.8882,"Assens/Torø"
"1214","2020-01-20 19:00:00",0,55.2444,9.8882,"Assens/Torø"
"1215","2020-01-20 20:00:00",0,55.2444,9.8882,"Assens/Torø"
"1216","2020-01-20 21:00:00",0,55.2444,9.8882,"Assens/Torø"
"1217","2020-01-20 22:00:00",0,55.2444,9.8882,"Assens/Torø"
"1218","2020-01-20 23:00:00",0,55.2444,9.8882,"Assens/Torø"
"1219","2020-01-21 00:00:00",0,55.2444,9.8882,"Assens/Torø"
"1220","2020-01-21 01:00:00",0,55.2444,9.8882,"Assens/Torø"
"1221","2020-01-21 02:00:00",0,55.2444,9.8882,"Assens/Torø"
"1222","2020-01-21 03:00:00",0,55.2444,9.8882,"Assens/Torø"
"1223","2020-01-21 04:00:00",0,55.2444,9.8882,"Assens/Torø"
"1224","2020-01-21 05:00:00",0,55.2444,9.8882,"Assens/Torø"
"1225","2020-01-21 06:00:00",0,55.2444,9.8882,"Assens/Torø"
"1226","2020-01-21 07:00:00",0,55.2444,9.8882,"Assens/Torø"
"1227","2020-01-21 08:00:00",0,55.2444,9.8882,"Assens/Torø"
"1228","2020-01-21 09:00:00",0,55.2444,9.8882,"Assens/Torø"
"1229","2020-01-21 10:00:00",0.5,55.2444,9.8882,"Assens/Torø"
"1230","2020-01-21 11:00:00",4.5,55.2444,9.8882,"Assens/Torø"
"1231","2020-01-21 12:00:00",0,55.2444,9.8882,"Assens/Torø"
"1232","2020-01-21 13:00:00",0,55.2444,9.8882,"Assens/Torø"
"1233","2020-01-21 14:00:00",0,55.2444,9.8882,"Assens/Torø"
"1234","2020-01-21 15:00:00",0,55.2444,9.8882,"Assens/Torø"
"1235","2020-01-21 16:00:00",0,55.2444,9.8882,"Assens/Torø"
"1236","2020-01-21 17:00:00",0,55.2444,9.8882,"Assens/Torø"
"1237","2020-01-21 18:00:00",0,55.2444,9.8882,"Assens/Torø"
"1238","2020-01-21 19:00:00",0,55.2444,9.8882,"Assens/Torø"
"1239","2020-01-21 20:00:00",0,55.2444,9.8882,"Assens/Torø"
"1240","2020-01-21 21:00:00",0,55.2444,9.8882,"Assens/Torø"
"1241","2020-01-21 22:00:00",0,55.2444,9.8882,"Assens/Torø"
"1242","2020-01-21 23:00:00",0,55.2444,9.8882,"Assens/Torø"
"1243","2020-01-22 00:00:00",0,55.2444,9.8882,"Assens/Torø"
"1244","2020-01-22 01:00:00",0,55.2444,9.8882,"Assens/Torø"
"1245","2020-01-22 02:00:00",0,55.2444,9.8882,"Assens/Torø"
"1246","2020-01-22 03:00:00",0,55.2444,9.8882,"Assens/Torø"
"1247","2020-01-22 04:00:00",0,55.2444,9.8882,"Assens/Torø"
"1248","2020-01-22 05:00:00",0,55.2444,9.8882,"Assens/Torø"
"1249","2020-01-22 06:00:00",0,55.2444,9.8882,"Assens/Torø"
"1250","2020-01-22 07:00:00",0,55.2444,9.8882,"Assens/Torø"
"1251","2020-01-22 08:00:00",0,55.2444,9.8882,"Assens/Torø"
"1252","2020-01-22 09:00:00",0,55.2444,9.8882,"Assens/Torø"
"1253","2020-01-22 10:00:00",30,55.2444,9.8882,"Assens/Torø"
"1254","2020-01-22 11:00:00",60,55.2444,9.8882,"Assens/Torø"
"1255","2020-01-22 12:00:00",48,55.2444,9.8882,"Assens/Torø"
"1256","2020-01-22 13:00:00",38.5,55.2444,9.8882,"Assens/Torø"
"1257","2020-01-22 14:00:00",3.5,55.2444,9.8882,"Assens/Torø"
"1258","2020-01-22 15:00:00",31,55.2444,9.8882,"Assens/Torø"
"1259","2020-01-22 16:00:00",0,55.2444,9.8882,"Assens/Torø"
"1260","2020-01-22 17:00:00",0,55.2444,9.8882,"Assens/Torø"
"1261","2020-01-22 18:00:00",0,55.2444,9.8882,"Assens/Torø"
"1262","2020-01-22 19:00:00",0,55.2444,9.8882,"Assens/Torø"
"1263","2020-01-22 20:00:00",0,55.2444,9.8882,"Assens/Torø"
"1264","2020-01-22 21:00:00",0,55.2444,9.8882,"Assens/Torø"
"1265","2020-01-22 22:00:00",0,55.2444,9.8882,"Assens/Torø"
"1266","2020-01-22 23:00:00",0,55.2444,9.8882,"Assens/Torø"
"1267","2020-01-23 00:00:00",0,55.2444,9.8882,"Assens/Torø"
"1268","2020-01-23 01:00:00",0,55.2444,9.8882,"Assens/Torø"
"1269","2020-01-23 02:00:00",0,55.2444,9.8882,"Assens/Torø"
"1270","2020-01-23 03:00:00",0,55.2444,9.8882,"Assens/Torø"
"1271","2020-01-23 04:00:00",0,55.2444,9.8882,"Assens/Torø"
"1272","2020-01-23 05:00:00",0,55.2444,9.8882,"Assens/Torø"
"1273","2020-01-23 06:00:00",0,55.2444,9.8882,"Assens/Torø"
"1274","2020-01-23 07:00:00",0,55.2444,9.8882,"Assens/Torø"
"1275","2020-01-23 08:00:00",0,55.2444,9.8882,"Assens/Torø"
"1276","2020-01-23 09:00:00",0,55.2444,9.8882,"Assens/Torø"
"1277","2020-01-23 10:00:00",0,55.2444,9.8882,"Assens/Torø"
"1278","2020-01-23 11:00:00",0,55.2444,9.8882,"Assens/Torø"
"1279","2020-01-23 12:00:00",0,55.2444,9.8882,"Assens/Torø"
"1280","2020-01-23 13:00:00",0,55.2444,9.8882,"Assens/Torø"
"1281","2020-01-23 14:00:00",0,55.2444,9.8882,"Assens/Torø"
"1282","2020-01-23 15:00:00",4,55.2444,9.8882,"Assens/Torø"
"1283","2020-01-23 16:00:00",0,55.2444,9.8882,"Assens/Torø"
"1284","2020-01-23 17:00:00",0,55.2444,9.8882,"Assens/Torø"
"1285","2020-01-23 18:00:00",0,55.2444,9.8882,"Assens/Torø"
"1286","2020-01-23 19:00:00",0,55.2444,9.8882,"Assens/Torø"
"1287","2020-01-23 20:00:00",0,55.2444,9.8882,"Assens/Torø"
"1288","2020-01-23 21:00:00",0,55.2444,9.8882,"Assens/Torø"
"1289","2020-01-23 22:00:00",0,55.2444,9.8882,"Assens/Torø"
"1290","2020-01-23 23:00:00",0,55.2444,9.8882,"Assens/Torø"
"1291","2020-01-24 00:00:00",0,55.2444,9.8882,"Assens/Torø"
"1292","2020-01-24 01:00:00",0,55.2444,9.8882,"Assens/Torø"
"1293","2020-01-24 02:00:00",0,55.2444,9.8882,"Assens/Torø"
"1294","2020-01-24 03:00:00",0,55.2444,9.8882,"Assens/Torø"
"1295","2020-01-24 04:00:00",0,55.2444,9.8882,"Assens/Torø"
"1296","2020-01-24 05:00:00",0,55.2444,9.8882,"Assens/Torø"
"1297","2020-01-24 06:00:00",0,55.2444,9.8882,"Assens/Torø"
"1298","2020-01-24 07:00:00",0,55.2444,9.8882,"Assens/Torø"
"1299","2020-01-24 08:00:00",0,55.2444,9.8882,"Assens/Torø"
"1300","2020-01-24 09:00:00",0,55.2444,9.8882,"Assens/Torø"
"1301","2020-01-24 10:00:00",0,55.2444,9.8882,"Assens/Torø"
"1302","2020-01-24 11:00:00",0,55.2444,9.8882,"Assens/Torø"
"1303","2020-01-24 12:00:00",0,55.2444,9.8882,"Assens/Torø"
"1304","2020-01-24 13:00:00",0,55.2444,9.8882,"Assens/Torø"
"1305","2020-01-24 14:00:00",0,55.2444,9.8882,"Assens/Torø"
"1306","2020-01-24 15:00:00",0,55.2444,9.8882,"Assens/Torø"
"1307","2020-01-24 16:00:00",0,55.2444,9.8882,"Assens/Torø"
"1308","2020-01-24 17:00:00",0,55.2444,9.8882,"Assens/Torø"
"1309","2020-01-24 18:00:00",0,55.2444,9.8882,"Assens/Torø"
"1310","2020-01-24 19:00:00",0,55.2444,9.8882,"Assens/Torø"
"1311","2020-01-24 20:00:00",0,55.2444,9.8882,"Assens/Torø"
"1312","2020-01-24 21:00:00",0,55.2444,9.8882,"Assens/Torø"
"1313","2020-01-24 22:00:00",0,55.2444,9.8882,"Assens/Torø"
"1314","2020-01-24 23:00:00",0,55.2444,9.8882,"Assens/Torø"
"1315","2020-01-25 00:00:00",0,55.2444,9.8882,"Assens/Torø"
"1316","2020-01-25 01:00:00",0,55.2444,9.8882,"Assens/Torø"
"1317","2020-01-25 02:00:00",0,55.2444,9.8882,"Assens/Torø"
"1318","2020-01-25 03:00:00",0,55.2444,9.8882,"Assens/Torø"
"1319","2020-01-25 04:00:00",0,55.2444,9.8882,"Assens/Torø"
"1320","2020-01-25 05:00:00",0,55.2444,9.8882,"Assens/Torø"
"1321","2020-01-25 06:00:00",0,55.2444,9.8882,"Assens/Torø"
"1322","2020-01-25 07:00:00",0,55.2444,9.8882,"Assens/Torø"
"1323","2020-01-25 08:00:00",0,55.2444,9.8882,"Assens/Torø"
"1324","2020-01-25 09:00:00",0.5,55.2444,9.8882,"Assens/Torø"
"1325","2020-01-25 10:00:00",0,55.2444,9.8882,"Assens/Torø"
"1326","2020-01-25 11:00:00",0,55.2444,9.8882,"Assens/Torø"
"1327","2020-01-25 12:00:00",0,55.2444,9.8882,"Assens/Torø"
"1328","2020-01-25 13:00:00",0,55.2444,9.8882,"Assens/Torø"
"1329","2020-01-25 14:00:00",0,55.2444,9.8882,"Assens/Torø"
"1330","2020-01-25 15:00:00",7,55.2444,9.8882,"Assens/Torø"
"1331","2020-01-25 16:00:00",0,55.2444,9.8882,"Assens/Torø"
"1332","2020-01-25 17:00:00",0,55.2444,9.8882,"Assens/Torø"
"1333","2020-01-25 18:00:00",0,55.2444,9.8882,"Assens/Torø"
"1334","2020-01-25 19:00:00",0,55.2444,9.8882,"Assens/Torø"
"1335","2020-01-25 20:00:00",0,55.2444,9.8882,"Assens/Torø"
"1336","2020-01-25 21:00:00",0,55.2444,9.8882,"Assens/Torø"
"1337","2020-01-25 22:00:00",0,55.2444,9.8882,"Assens/Torø"
"1338","2020-01-25 23:00:00",0,55.2444,9.8882,"Assens/Torø"
"1339","2020-01-26 00:00:00",0,55.2444,9.8882,"Assens/Torø"
"1340","2020-01-26 01:00:00",0,55.2444,9.8882,"Assens/Torø"
"1341","2020-01-26 02:00:00",0,55.2444,9.8882,"Assens/Torø"
"1342","2020-01-26 03:00:00",0,55.2444,9.8882,"Assens/Torø"
"1343","2020-01-26 04:00:00",0,55.2444,9.8882,"Assens/Torø"
"1344","2020-01-26 05:00:00",0,55.2444,9.8882,"Assens/Torø"
"1345","2020-01-26 06:00:00",0,55.2444,9.8882,"Assens/Torø"
"1346","2020-01-26 07:00:00",0,55.2444,9.8882,"Assens/Torø"
"1347","2020-01-26 08:00:00",0,55.2444,9.8882,"Assens/Torø"
"1348","2020-01-26 09:00:00",0,55.2444,9.8882,"Assens/Torø"
"1349","2020-01-26 10:00:00",0,55.2444,9.8882,"Assens/Torø"
"1350","2020-01-26 11:00:00",0,55.2444,9.8882,"Assens/Torø"
"1351","2020-01-26 12:00:00",16.5,55.2444,9.8882,"Assens/Torø"
"1352","2020-01-26 13:00:00",60,55.2444,9.8882,"Assens/Torø"
"1353","2020-01-26 14:00:00",60,55.2444,9.8882,"Assens/Torø"
"1354","2020-01-26 15:00:00",57,55.2444,9.8882,"Assens/Torø"
"1355","2020-01-26 16:00:00",0,55.2444,9.8882,"Assens/Torø"
"1356","2020-01-26 17:00:00",0,55.2444,9.8882,"Assens/Torø"
"1357","2020-01-26 18:00:00",0,55.2444,9.8882,"Assens/Torø"
"1358","2020-01-26 19:00:00",0,55.2444,9.8882,"Assens/Torø"
"1359","2020-01-26 20:00:00",0,55.2444,9.8882,"Assens/Torø"
"1360","2020-01-26 21:00:00",0,55.2444,9.8882,"Assens/Torø"
"1361","2020-01-26 22:00:00",0,55.2444,9.8882,"Assens/Torø"
"1362","2020-01-26 23:00:00",0,55.2444,9.8882,"Assens/Torø"
"1363","2020-01-27 00:00:00",0,55.2444,9.8882,"Assens/Torø"
"1364","2020-01-27 01:00:00",0,55.2444,9.8882,"Assens/Torø"
"1365","2020-01-27 02:00:00",0,55.2444,9.8882,"Assens/Torø"
"1366","2020-01-27 03:00:00",0,55.2444,9.8882,"Assens/Torø"
"1367","2020-01-27 04:00:00",0,55.2444,9.8882,"Assens/Torø"
"1368","2020-01-27 05:00:00",0,55.2444,9.8882,"Assens/Torø"
"1369","2020-01-27 06:00:00",0,55.2444,9.8882,"Assens/Torø"
"1370","2020-01-27 07:00:00",0,55.2444,9.8882,"Assens/Torø"
"1371","2020-01-27 08:00:00",0,55.2444,9.8882,"Assens/Torø"
"1372","2020-01-27 09:00:00",0,55.2444,9.8882,"Assens/Torø"
"1373","2020-01-27 10:00:00",0,55.2444,9.8882,"Assens/Torø"
"1374","2020-01-27 11:00:00",0,55.2444,9.8882,"Assens/Torø"
"1375","2020-01-27 12:00:00",0,55.2444,9.8882,"Assens/Torø"
"1376","2020-01-27 13:00:00",0,55.2444,9.8882,"Assens/Torø"
"1377","2020-01-27 14:00:00",0,55.2444,9.8882,"Assens/Torø"
"1378","2020-01-27 15:00:00",0,55.2444,9.8882,"Assens/Torø"
"1379","2020-01-27 16:00:00",0,55.2444,9.8882,"Assens/Torø"
"1380","2020-01-27 17:00:00",0,55.2444,9.8882,"Assens/Torø"
"1381","2020-01-27 18:00:00",0,55.2444,9.8882,"Assens/Torø"
"1382","2020-01-27 19:00:00",0,55.2444,9.8882,"Assens/Torø"
"1383","2020-01-27 20:00:00",0,55.2444,9.8882,"Assens/Torø"
"1384","2020-01-27 21:00:00",0,55.2444,9.8882,"Assens/Torø"
"1385","2020-01-27 22:00:00",0,55.2444,9.8882,"Assens/Torø"
"1386","2020-01-27 23:00:00",0,55.2444,9.8882,"Assens/Torø"
"1387","2020-01-28 00:00:00",0,55.2444,9.8882,"Assens/Torø"
"1388","2020-01-28 01:00:00",0,55.2444,9.8882,"Assens/Torø"
"1389","2020-01-28 02:00:00",0,55.2444,9.8882,"Assens/Torø"
"1390","2020-01-28 03:00:00",0,55.2444,9.8882,"Assens/Torø"
"1391","2020-01-28 04:00:00",0,55.2444,9.8882,"Assens/Torø"
"1392","2020-01-28 05:00:00",0,55.2444,9.8882,"Assens/Torø"
"1393","2020-01-28 06:00:00",0,55.2444,9.8882,"Assens/Torø"
"1394","2020-01-28 07:00:00",0,55.2444,9.8882,"Assens/Torø"
"1395","2020-01-28 08:00:00",0,55.2444,9.8882,"Assens/Torø"
"1396","2020-01-28 09:00:00",0,55.2444,9.8882,"Assens/Torø"
"1397","2020-01-28 10:00:00",0,55.2444,9.8882,"Assens/Torø"
"1398","2020-01-28 11:00:00",5.5,55.2444,9.8882,"Assens/Torø"
"1399","2020-01-28 12:00:00",5.5,55.2444,9.8882,"Assens/Torø"
"1400","2020-01-28 13:00:00",0,55.2444,9.8882,"Assens/Torø"
"1401","2020-01-28 14:00:00",5,55.2444,9.8882,"Assens/Torø"
"1402","2020-01-28 15:00:00",0,55.2444,9.8882,"Assens/Torø"
"1403","2020-01-28 16:00:00",0,55.2444,9.8882,"Assens/Torø"
"1404","2020-01-28 17:00:00",0,55.2444,9.8882,"Assens/Torø"
"1405","2020-01-28 18:00:00",0,55.2444,9.8882,"Assens/Torø"
"1406","2020-01-28 19:00:00",0,55.2444,9.8882,"Assens/Torø"
"1407","2020-01-28 20:00:00",0,55.2444,9.8882,"Assens/Torø"
"1408","2020-01-28 21:00:00",0,55.2444,9.8882,"Assens/Torø"
"1409","2020-01-28 22:00:00",0,55.2444,9.8882,"Assens/Torø"
"1410","2020-01-28 23:00:00",0,55.2444,9.8882,"Assens/Torø"
"1411","2020-01-29 00:00:00",0,55.2444,9.8882,"Assens/Torø"
"1412","2020-01-29 01:00:00",0,55.2444,9.8882,"Assens/Torø"
"1413","2020-01-29 02:00:00",0,55.2444,9.8882,"Assens/Torø"
"1414","2020-01-29 03:00:00",0,55.2444,9.8882,"Assens/Torø"
"1415","2020-01-29 04:00:00",0,55.2444,9.8882,"Assens/Torø"
"1416","2020-01-29 05:00:00",0,55.2444,9.8882,"Assens/Torø"
"1417","2020-01-29 06:00:00",0,55.2444,9.8882,"Assens/Torø"
"1418","2020-01-29 07:00:00",0,55.2444,9.8882,"Assens/Torø"
"1419","2020-01-29 08:00:00",0,55.2444,9.8882,"Assens/Torø"
"1420","2020-01-29 09:00:00",0,55.2444,9.8882,"Assens/Torø"
"1421","2020-01-29 10:00:00",6,55.2444,9.8882,"Assens/Torø"
"1422","2020-01-29 11:00:00",39.5,55.2444,9.8882,"Assens/Torø"
"1423","2020-01-29 12:00:00",25.5,55.2444,9.8882,"Assens/Torø"
"1424","2020-01-29 13:00:00",49.5,55.2444,9.8882,"Assens/Torø"
"1425","2020-01-29 14:00:00",18.5,55.2444,9.8882,"Assens/Torø"
"1426","2020-01-29 15:00:00",44,55.2444,9.8882,"Assens/Torø"
"1427","2020-01-29 16:00:00",3.5,55.2444,9.8882,"Assens/Torø"
"1428","2020-01-29 17:00:00",0,55.2444,9.8882,"Assens/Torø"
"1429","2020-01-29 18:00:00",0,55.2444,9.8882,"Assens/Torø"
"1430","2020-01-29 19:00:00",0,55.2444,9.8882,"Assens/Torø"
"1431","2020-01-29 20:00:00",0,55.2444,9.8882,"Assens/Torø"
"1432","2020-01-29 21:00:00",0,55.2444,9.8882,"Assens/Torø"
"1433","2020-01-29 22:00:00",0,55.2444,9.8882,"Assens/Torø"
"1434","2020-01-29 23:00:00",0,55.2444,9.8882,"Assens/Torø"
"1435","2020-01-30 00:00:00",0,55.2444,9.8882,"Assens/Torø"
"1436","2020-01-30 01:00:00",0,55.2444,9.8882,"Assens/Torø"
"1437","2020-01-30 02:00:00",0,55.2444,9.8882,"Assens/Torø"
"1438","2020-01-30 03:00:00",0,55.2444,9.8882,"Assens/Torø"
"1439","2020-01-30 04:00:00",0,55.2444,9.8882,"Assens/Torø"
"1440","2020-01-30 05:00:00",0,55.2444,9.8882,"Assens/Torø"
"1441","2020-01-30 06:00:00",0,55.2444,9.8882,"Assens/Torø"
"1442","2020-01-30 07:00:00",0,55.2444,9.8882,"Assens/Torø"
"1443","2020-01-30 08:00:00",0,55.2444,9.8882,"Assens/Torø"
"1444","2020-01-30 09:00:00",0,55.2444,9.8882,"Assens/Torø"
"1445","2020-01-30 10:00:00",0,55.2444,9.8882,"Assens/Torø"
"1446","2020-01-30 11:00:00",0,55.2444,9.8882,"Assens/Torø"
"1447","2020-01-30 12:00:00",0,55.2444,9.8882,"Assens/Torø"
"1448","2020-01-30 13:00:00",0,55.2444,9.8882,"Assens/Torø"
"1449","2020-01-30 14:00:00",0,55.2444,9.8882,"Assens/Torø"
"1450","2020-01-30 15:00:00",0,55.2444,9.8882,"Assens/Torø"
"1451","2020-01-30 16:00:00",0,55.2444,9.8882,"Assens/Torø"
"1452","2020-01-30 17:00:00",0,55.2444,9.8882,"Assens/Torø"
"1453","2020-01-30 18:00:00",0,55.2444,9.8882,"Assens/Torø"
"1454","2020-01-30 19:00:00",0,55.2444,9.8882,"Assens/Torø"
"1455","2020-01-30 20:00:00",0,55.2444,9.8882,"Assens/Torø"
"1456","2020-01-30 21:00:00",0,55.2444,9.8882,"Assens/Torø"
"1457","2020-01-30 22:00:00",0,55.2444,9.8882,"Assens/Torø"
"1458","2020-01-30 23:00:00",0,55.2444,9.8882,"Assens/Torø"
"1459","2020-01-31 00:00:00",0,55.2444,9.8882,"Assens/Torø"
"1460","2020-01-31 01:00:00",0,55.2444,9.8882,"Assens/Torø"
"1461","2020-01-31 02:00:00",0,55.2444,9.8882,"Assens/Torø"
"1462","2020-01-31 03:00:00",0,55.2444,9.8882,"Assens/Torø"
"1463","2020-01-31 04:00:00",0,55.2444,9.8882,"Assens/Torø"
"1464","2020-01-31 05:00:00",0,55.2444,9.8882,"Assens/Torø"
"1465","2020-01-31 06:00:00",0,55.2444,9.8882,"Assens/Torø"
"1466","2020-01-31 07:00:00",0,55.2444,9.8882,"Assens/Torø"
"1467","2020-01-31 08:00:00",0,55.2444,9.8882,"Assens/Torø"
"1468","2020-01-31 09:00:00",0,55.2444,9.8882,"Assens/Torø"
"1469","2020-01-31 10:00:00",0,55.2444,9.8882,"Assens/Torø"
"1470","2020-01-31 11:00:00",0,55.2444,9.8882,"Assens/Torø"
"1471","2020-01-31 12:00:00",0,55.2444,9.8882,"Assens/Torø"
"1472","2020-01-31 13:00:00",0,55.2444,9.8882,"Assens/Torø"
"1473","2020-01-31 14:00:00",0,55.2444,9.8882,"Assens/Torø"
"1474","2020-01-31 15:00:00",0,55.2444,9.8882,"Assens/Torø"
"1475","2020-01-31 16:00:00",0,55.2444,9.8882,"Assens/Torø"
"1476","2020-01-31 17:00:00",0,55.2444,9.8882,"Assens/Torø"
"1477","2020-01-31 18:00:00",0,55.2444,9.8882,"Assens/Torø"
"1478","2020-01-31 19:00:00",0,55.2444,9.8882,"Assens/Torø"
"1479","2020-01-31 20:00:00",0,55.2444,9.8882,"Assens/Torø"
"1480","2020-01-31 21:00:00",0,55.2444,9.8882,"Assens/Torø"
"1481","2020-01-31 22:00:00",0,55.2444,9.8882,"Assens/Torø"
"1482","2020-01-31 23:00:00",0,55.2444,9.8882,"Assens/Torø"
